-79.744,-18.164,-34.195,-12.638
-33.982,-42.732,-21.529,-38.853
-53.478,-56.827,-39.947,-50.416
-48.3,-55.091,-39.261,-33.47
-66.675,-36.13,-16.633,-9.0698
-23.589,-40.856,-30.347,-51.51
-27.44,-50.483,-33.248,-46.534
-67.685,-47.794,-26.43,-16.684
-54.493,-40.941,-39.903,-21.04
-22.116,-39.78,-50.07,-65.704
-56.609,-31.81,-45.331,-41.939
-65.676,-27.42,-24.408,-11.954
-46.661,-56.179,-26.652,-36.892
-40.602,-65.14,-35.185,-52.352
-40.73,-37.729,-32.106,-19.161
-62.494,-35.626,-33.99,-18.694
-11.706,-50.958,-37.134,-47.646
-47.265,-40.729,-47.04,-35.275
-66.241,-37.166,-45.267,-14.038
-23.787,-39.261,-37.038,-46.412
-17.924,-56.204,-49.855,-67.887
-29.178,-29.502,-39.257,-40.769
-90.781,-23.765,-33.32,-2.5618
-28.046,-58.737,-36.145,-39.697
-38.133,-47.126,-46.268,-53.961
-82.651,-25.358,-37.211,-5.1922
-57.009,-36.811,-62.497,-30.17
-10.339,-53.27,-37.995,-69.666
-43.84,-40.784,-61.743,-50.116
-67.828,-34.241,-51.954,-12.702
-37.204,-36.626,-57.443,-48.7
-39.873,-54.724,-38.127,-66.206
-65.518,-31.093,-42.294,-22.178
-50.236,-23.493,-26.138,-24.689
-35.964,-50.742,-58.975,-60.761
-43.264,-85.017,-49.476,-42.148
-64.682,-17.828,-24.064,-29.319
-39.685,-26.567,-20.401,-28.455
-26.182,-47.88,-57.522,-80.546
-63.538,-37.976,-44.656,-39.575
-56.978,-36.111,-39.365,-36.991
-27.257,-59.214,-49.892,-71.135
-33.149,-42.161,-44.275,-84.732
-77.637,-30.617,-41.054,-39.292
-42.708,-50.169,-24.397,-37.735
-22.494,-44.727,-50.847,-62.095
-45.252,-52.725,-47.453,-35.94
-65.055,-28.892,-40.925,-10.459
-18.915,-50.118,-39.281,-50.616
-37.963,-37.762,-39.084,-80.616
-54.052,-28.891,-31.775,-12.655
-72.332,-35.999,-72.329,-24.785
-22.563,-64.917,-74.191,-59.076
-45.209,-57.174,-35.485,-62.108
-73.83,-28.526,-39.044,-13.711
-29.532,-34.034,-23.032,-59.875
-22.764,-48.318,-43.296,-56.06
-59.733,-36.871,-37.976,-29.969
-46.4,-29.981,-24.899,-18.018
-20.061,-39.59,-25.319,-63.56
-46.195,-25.729,-48.973,-38.188
-55.288,-38.244,-40.535,-3.8095
-47.629,-22.031,-38.135,-36.556
-30.408,-41.349,-45.148,-64.908
-46.318,-36.074,-41.785,-34.874
-46.021,-17.513,-17.994,-11.733
-14.035,-28.609,-28.502,-39.076
-38.849,-50.25,-46.474,-51.956
-68.57,-22.351,-36.19,-38.082
-35.03,-29.35,-40.671,-36.243
-26.038,-71.72,-44.609,-65.109
-37.139,-43.3,-46.547,-39.01
-90.094,-40.446,-56.832,-6.7588
-55.233,-33.93,-40.183,-55.838
-42.712,-54.373,-36.639,-59.925
-37.693,-39.889,-62.636,-40.611
-70.16,-52.566,-31.917,-1.563
-27.312,-86.84,-43.92,-73.342
-38.856,-48.526,-58.246,-53.693
-54.146,-14.569,-36.157,-0.085136
-63.034,-59.119,-30.311,-22.991
-13.212,-51.585,-39.484,-69.918
-68.574,-23.334,-40.241,-21.486
-65.087,-46.229,-56.929,-17.992
-33.402,-41.71,-53.993,-68.342
-34.155,-56.052,-36.147,-60.255
-61.252,-40.64,-28.697,-18.912
-69.991,-47.634,-24.753,-17.141
-21.262,-51.123,-44.276,-53.865
-32.846,-47.269,-48.17,-56.933
-45.547,-24.386,-42.464,1.3657
-39.105,-29.904,-31.048,-51.042
-27.766,-52.911,-43.578,-72.741
-50.512,-21.886,-41.983,-27.139
-76.828,-40.741,-32.111,-12.299
-21.976,-82.792,-52.623,-81.117
-25.919,-34.66,-31.853,-42.644
-62.836,-29.327,-54.101,-10.237
-58.307,-40.717,-35.876,-24.384
-31.045,-41.11,-34.621,-49.079
-56.81,-61.237,-53.362,-37.301
-73.477,-13.561,-24.696,-11.474
-31.849,-44.695,-39.219,-51.538
-21.113,-48.102,-38.196,-57.804
-59.337,-38.604,-23.804,-25.458
-67.546,-21.551,-58.94,-24.151
-33.992,-61.103,-43.208,-56.857
-40.349,-54.566,-26.136,-44.491
-68.988,-15.066,-39.19,-15.401
-49.55,-34.822,-25.207,-88.638
-26.178,-51.433,-60.225,-77.183
-60.114,-43.238,-31.385,-46.662
-52.819,-28.8,-53.144,-71.401
-37.73,-41.416,-38.088,-85.797
-34.39,-33.073,-42.509,-55.888
-87.013,-46.144,-60.734,-16.042
-61.298,-51.187,-48.966,-42.494
-24.756,-44.066,-46.03,-65.197
-63.065,-33.188,-48.426,-45.214
-74.581,-21.054,-28.092,-18.142
-10.373,-43.106,-26.368,-47.326
-47.695,-60.653,-41.669,-64.471
-59.116,-35.823,-39.571,-24.641
-74.502,-32.021,-77.838,-26.942
-8.4825,-63.331,-26.276,-56.613
-75.371,-35.42,-64.49,-23.268
-77.596,-35.82,-45.454,-10.599
-23.627,-42.076,-25.677,-53.669
-40.455,-65.578,-47.106,-57.775
-62.301,-19.77,-43.595,-3.8277
-78.853,-8.9195,-35.264,-17.522
-23.309,-51.576,-40.878,-38.993
-47.907,-42.135,-34.808,-43.706
-64.661,-24.488,-29.26,2.9353
-32.363,-28.831,-22.745,-31.698
-35.534,-52.037,-37.593,-66
-46.463,-35.749,-46.451,-17.083
-77.836,-61.422,-58.489,-5.8795
-21.31,-47.069,-50.374,-79.575
-39.417,-39.615,-38.615,-59.104
-54.42,-36.909,-41.561,-17.013
-49.445,-32.165,-22.917,-37.141
-20.961,-69.708,-40.655,-51.273
-46.477,-49.751,-37.505,-34.668
-45.482,-23.897,-41.559,-9.096
-24.456,-28.686,-35.72,-52.028
-28.655,-45.41,-40.76,-63.73
-41.375,-44.573,-48.734,-23.468
-71.553,-43.497,-37.165,-10.005
-23.843,-61.064,-48.852,-74.605
-34.167,-41.53,-29.906,-30.182
-63.6,-38.51,-50.264,-14.486
-47.251,-51.092,-41.561,-48.522
-33.2,-43.535,-32.818,-54.073
-64.726,-38.975,-44.115,-25.697
-61.123,-37.067,-40.176,-11.823
-11.034,-30.78,-39.026,-71.144
-53.241,-77.496,-30.85,-64.637
-70.567,-28.384,-63.46,-9.2966
-50.642,-29.401,-26.735,-24.541
-22.308,-80.152,-64.616,-62.034
-42.903,-39.103,-55.863,-24.061
-76.179,-20.65,-28.488,-5.8566
-25.669,-51.331,-31.546,-45.848
-33.675,-41.262,-40.898,-61.686
-72.731,-43.334,-40.915,-18.791
-76.892,-11.803,-18.64,-17.559
-32.168,-45.726,-38.903,-71.576
-49.046,-27.235,-39.348,-30.247
-93.766,-21.827,-62.504,-7.2841
-33.279,-55.392,-28.778,-49.184
-32.902,-28.121,-43.988,-78.489
-43.786,-33.741,-46.465,-41.716
-69.064,-19.351,-25.271,-18.907
-36.137,-35.165,-28.782,-55.41
-38.059,-64.26,-40.985,-56.114
-70.51,-43.15,-39.779,-63.885
-63.818,-51.271,-40.76,-46.443
-21.743,-52.932,-52.426,-82.006
-31.161,-46.707,-51.221,-85.968
-68.985,-40.192,-44.704,-37.402
-38.707,-20.698,-35.184,-91.582
-33.7,-39.186,-52.896,-86.91
-39.397,-35.98,-34.077,-39.356
-59.962,-30.282,-33.78,-106.58
-38.912,-38.614,-44.13,-71
-24.478,-60.007,-58.903,-99.872
-68.986,-31.707,-35.773,-53.384
-32.282,-59.725,-31.061,-61.097
-27.624,-37.283,-49.002,-101.07
-37.036,-38.568,-32.141,-67.714
-59.89,-54.674,-44.198,-38.606
-30.862,-48.478,-35.647,-46.884
-44.779,-59.146,-37.982,-63.329
-64.285,-40.243,-42.395,-13.404
-78.437,-44.347,-27.764,-28.885
-40.252,-67.842,-34.229,-53.223
-33.12,-44.279,-42.713,-42.698
-73.707,-37.448,-27.304,-16.386
-49.857,-35.574,-32.535,-28.972
-26.529,-31.224,-58.043,-42.95
-46.706,-42.66,-64.142,-38.494
-65.714,-27.026,-27.499,-7.9469
-30.218,-38.625,-65.771,-48.799
-28.053,-32.717,-39.08,-56.405
-62.388,-43.242,-32.639,-19.88
-61.547,-72.115,-45.052,-33.271
-48.661,-47.467,-32.105,-37.618
-35.446,-48.582,-40.102,-18.857
-70.613,-27.396,-26.691,-5.692
-55.319,-27.091,-32.798,-41.065
-41.05,-50.454,-44.227,-51.251
-68.363,-51.841,-41.858,-13.061
-50.236,-34.413,-16.327,-29.508
-31.448,-65.923,-31.414,-71.462
-28.437,-56.053,-47.665,-80.019
-93.205,-33.633,-23.21,-0.16038
-44.064,-67.099,-40.669,-21.224
-22.245,-41.96,-44.176,-86.052
-43.537,-25.758,-28.078,-27.473
-82.817,-48.565,-22.143,-7.8249
-36.799,-45.859,-42.192,-39.295
-18.585,-38.959,-45.374,-44.829
-71.133,-42.367,-41.706,-17.221
-36.885,-66.849,-25.46,-54.712
-39.921,-38.764,-54.302,-54.549
-47.636,-24.928,-49.223,-40.629
-65.465,-27.073,-31.361,-0.5862
-45.296,-57.287,-39.16,-50.21
-45.982,-34.354,-38.722,-35.018
-56.589,-36.412,-38.248,-16.13
-58.67,-35.89,-29.785,-16.378
-24.417,-50.605,-58.346,-48.494
-34.155,-21.592,-49.318,-19.791
-96.852,-48.276,-27.818,-16.823
-24.74,-41.137,-33.522,-56.297
-34.651,-39.533,-32.743,-66.489
-67.115,-37.229,-49.996,-14.818
-80.666,-60.991,-46.825,6.2663
-27.981,-43.419,-38.071,-71.017
-28.325,-50.347,-34.861,-51.777
-55.4,-36.699,-55.707,2.4916
-36.335,-56.179,-15.257,-65.597
-18.312,-55.343,-68.241,-96.32
-51.274,-36.183,-47.326,-20.971
-68.268,-29.17,-49.658,-9.3163
-18.096,-63.307,-55.763,-57.456
-31.137,-56.397,-30.853,-42.524
-70.007,-30.261,-43.409,-26.881
-47.807,-59.885,-59.815,-34.701
-11.939,-82.466,-28.024,-69.008
-47.701,-35.148,-64.091,-48.57
-76.412,-42.391,-28.524,-31.18
-45.42,-39.14,-26.225,-51.105
-21.888,-20.546,-45.487,-68.318
-40.993,-39.138,-41.112,-42.477
-63.829,-46.865,-42.798,-81.385
-49.586,-43.139,-42.344,-80.658
-40.242,-41.132,-25.955,-90.187
-60.625,-35.133,-32.977,-47.346
-55.077,-35.477,-47.247,-38.158
-22.912,-69.779,-33.007,-47.698
-62.9,-38.076,-40.186,-49.511
-61.432,-31.737,-13.121,-7.5161
-27.072,-48.071,-60.536,-100.53
-35.332,-34.47,-53.101,-46.918
-105.16,-28.372,-36.822,-2.5169
-47.687,-79.052,-18.344,-25.637
-36.139,-37.233,-38.859,-45.333
-41.58,-40.899,-50.332,-34.721
-94.749,-35.579,-27.047,1.2644
-30.616,-65.815,-55.298,-48.001
-34.46,-42.796,-48.819,-57.521
-52.784,-21.655,-31.115,-19.169
-76.337,-32.545,-28.052,-34.812
-13.817,-43.639,-45.225,-46.763
-51.341,-26.87,-55.088,-42.817
-84.121,-45.54,-26.251,-2.0392
-12.758,-40.718,-54.377,-61.846
-40.018,-33.397,-40.605,-62.388
-37.541,-33.229,-38.435,-31.078
-67.878,-49.809,-22.626,-1.33
-33.527,-45.26,-37.24,-38.274
-35.902,-32.866,-39.935,-46.631
-72.199,-34.372,-34.046,0.81835
-61.144,-41.821,-30.089,-33.849
-39.446,-45.453,-35.015,-71.386
-41.269,-20.069,-64.307,-45.236
-95.226,-47.175,-35.798,4.2917
-21.809,-44.799,-30.725,-63.207
-35.16,-48.382,-32.684,-60.543
-46.948,-60.575,-45.17,-32.9
-69.027,-52.397,-5.1281,-3.4014
-36.026,-51.341,-46.703,-65.779
-37.775,-17.474,-40.495,-50.149
-52.955,-29.43,-19.135,-2.0077
-49.692,-67.886,-30.91,-45.949
-36.624,-60.976,-67.38,-75.593
-60.877,-43.269,-47.403,-30.36
-61.91,-52.808,-40.173,-7.5791
-18.697,-50.607,-66.575,-78.206
-43.092,-48.139,-51.589,-59.837
-60.518,-36.524,-41.452,-17.142
-57.376,-71.735,-27.901,-18.569
-34.01,-27.368,-34.95,-52.119
-45.823,-40.664,-62.125,-31.9
-77.966,-39.726,-14.214,-24.346
-43.442,-28.739,-45.598,-47.552
-20.723,-31.047,-27.382,-63.387
-52.472,-45.992,-59.903,-10.78
-52.446,-44.544,-28.275,-32.331
-29.991,-29.061,-37.994,-38.821
-36.666,-25.285,-42.52,-35.033
-41.652,-26.326,-25.166,-5.4496
-44.842,-55.281,-54,-27.806
-32.754,-56.653,-52.546,-68.074
-44.549,-33.182,-38.073,-13.378
-52.659,-47.704,-32.601,-7.1669
-41.091,-37.029,-52.918,-81.306
-61.055,-57.521,-62.105,-51.829
-79.426,-32.793,-35.713,-7.2761
-31.292,-42.352,-28.762,-43.902
-50.439,-40.703,-40.984,-55.504
-42.198,-45.232,-46.495,-38.645
-92.729,-20.824,-15.279,-47.692
-27.061,-37.264,-41.737,-93.832
-30.691,-63.554,-45.695,-69.108
-70.516,-22.911,-40.102,-20.983
-36.173,-38.86,-33.156,-70.085
-25.223,-38.686,-36.544,-74.537
-57.508,-24.673,-57.96,-90.164
-99.131,-45.858,-24.302,-3.8989
-27.174,-50.574,-62,-95.779
-54.647,-45.177,-37.681,-46.063
-42.107,-14.655,-43.845,-40.068
-85.3,-49.361,-9.7625,1.1646
-31.475,-45.558,-37.963,-51.366
-61.628,-46.53,-43.867,-45.13
-60.526,-40.361,-25.186,-21.307
-32.905,-63.525,-33.963,-64.154
-23.721,-62.409,-49.693,-47.918
-75.13,-34.793,-35.182,-36.023
-71.436,-38.749,-27.416,-7.2658
-25.913,-56.824,-43.538,-69.64
-28.141,-43.526,-28.715,-50.762
-75.477,-25.226,-55.783,-8.8342
-82.548,-66.097,-33.622,-28.053
-21.122,-46.274,-29.447,-68.186
-42.715,-33.316,-48.529,-27
-68.391,-42.361,-31.69,-1.5382
-29.381,-34.361,-29.585,-43.269
-32.335,-58.984,-53.376,-61.117
-52.289,-30.836,-49.915,-18.131
-53.88,-52.786,-27.969,-37.959
-33.933,-61.735,-40.255,-45.081
-56.679,-48.916,-32.549,-58.977
-56.045,-34.262,-32.211,-12.335
-36.471,-57.722,-27.882,-20.657
-22.179,-43.756,-31.661,-54.096
-40.581,-38.026,-42.123,-26.2
-63.06,-40.087,-30.994,-9.0186
-57.048,-32.108,-49.063,-41.53
-33.612,-35.715,-58.802,-43.298
-35.013,-54.274,-36.253,-20.767
-36.329,-58.053,-16.736,-29.954
-31.352,-42.287,-45.066,-42.97
-32.146,-33.877,-35.557,-38.995
-47.713,-51.213,-31.521,-10.761
-42.047,-37.677,-23.271,-32.311
-49.908,-38.278,-42.418,-47.951
-60.889,-37.866,-34.879,-54.584
-77.884,-58.115,-25.214,-17.694
-59.096,-50.481,-58.097,-45.154
-32.044,-38.196,-61.164,-34.16
-57.23,-53.889,-35.483,-16.7
-39.841,-65.587,-24.787,-38.339
-49.673,-53.624,-48.449,-62.59
-41.244,-9.7854,-41.744,-37.645
-57.726,-42.805,-25.121,-16.267
-33.688,-53.684,-34.851,-36.5
-42.553,-33.027,-40.769,-57.577
-56.871,-34.277,-38.091,-27.043
-44.852,-43.181,-28.904,-33.821
-57.967,-38.673,-42.359,-60.875
-49.056,-16.996,-46.474,-42.701
-63.016,-50.451,-40.967,-28.558
-21.399,-52.486,-41.793,-52.212
-42.893,-31.469,-44.463,-41.273
-46.804,-21.796,-46.698,-46.767
-45.478,-66.69,-15.515,-15.037
-29.301,-46.986,-43.45,-44.039
-70.468,-34.991,-36.432,-57.287
-48.81,-36.875,-37.094,-43.703
-32.031,-77.2,-38.582,-53.365
-56.065,-57.776,-46.821,-58.877
-27.377,-36.342,-63.668,-72.437
-75.963,-30.331,-17.058,-50.426
-48.987,-43.106,-61.403,-49.121
-22.525,-40.004,-41.084,-55.796
-73.891,-42.54,-32.42,-54.787
-63.27,-59.906,-33.413,-68.348
-25.187,-48.665,-40.129,-61.592
-31.582,-47.971,-41.338,-66.466
-64.448,-37.438,-27.764,-47.066
-38.894,-51.252,-31.503,-45.127
-40.15,-37.324,-37.291,-76.562
-45.447,-31.276,-32.726,-34.708
-65.445,-62.92,-26.279,-40.755
-33.809,-41.447,-64.75,-65.605
-37.275,-35.703,-35.659,-49.357
-93.391,-32.655,-32.177,-23.549
-28.748,-73.872,-40.604,-34.301
-24.578,-68.687,-42.407,-60.617
-36.838,-17.021,-26.23,-29.172
-62.87,-39.352,-27.708,-12.6
-29.067,-55.32,-44.24,-47.933
-44.669,-26.895,-34.15,-33.184
-51.3,-28.66,-36.448,-18.706
-39.126,-49.054,-23.674,-48.129
-26.134,-64.074,-38.573,-65.675
-36.587,-32.944,-43.209,-27.406
-72.306,-35.901,-66.278,3.0757
-33.101,-50.603,-32.677,-50.797
-42.05,-34.36,-51.787,-47.701
-50.14,-30.764,-35.332,-14.843
-60.999,-43.103,-73.869,-22.883
-39.229,-27.485,-65.456,-68.165
-77.029,-38.638,-29.766,-8.0697
-66.072,-42.633,-47.588,-9.0723
-20.125,-55.659,-31.224,-55.303
-18.466,-73.193,-46.784,-58.805
-74.648,-23.534,-38.716,-19.308
-55.95,-56.886,-27.648,-23.439
-28.339,-45.115,-55.357,-61.661
-45.367,-57.801,-57.953,-40.485
-65.886,-29.195,-18.118,-9.297
-43.396,-60.59,-37.894,-32.459
-21.678,-55.622,-48.038,-52.4
-52.33,-44.695,-44.157,-34.453
-70.815,-54.073,-45.789,-13.401
-32.64,-41.515,-43.975,-53.268
-49.975,-40.055,-49.057,-65.443
-78.449,-35.32,-20.436,-19.557
-48.176,-54.221,-32.767,-15.711
-28.576,-59.106,-42.806,-53.618
-59.54,-26.373,-33.737,-46.565
-75.52,-12.708,-25.532,-2.6036
-26.556,-72.238,-42.424,-55.332
-21.927,-40.502,-61.746,-48.294
-71.35,-33.635,-26.19,-22.674
-61.402,-33.247,-17.147,-34.837
-27.16,-64.348,-52.091,-60.658
-19.448,-26.205,-54.079,-78.471
-89.065,-43.482,-21.801,-8.5169
-61.513,-39.783,-51.105,-47.482
-34.231,-67.843,-34.501,-66.288
-77.225,-29.265,-37.561,-30.194
-82.764,-40.081,-45.839,-22.541
-42.35,-77.173,-38.84,-74.607
-18.977,-39.025,-56.61,-99.21
-64.956,-36.646,-32.486,-16.268
-56.838,-61.576,-47.247,-52.516
-32.856,-72.648,-31.705,-57.31
-35.724,-26.861,-41.925,-44.36
-56.021,-40.969,-40.294,-13.2
-34.941,-52.895,-36.39,-41.022
-31.596,-67.833,-56.241,-56.585
-54.717,-33.338,-36.898,-60.085
-59.353,-30.451,-16.741,-25.507
-42.538,-42.62,-56.374,-92.178
-37.857,-40.82,-31.21,-60.673
-61.421,-56.158,-36.986,-39.462
-37.232,-43.368,-39.136,-68.085
-26.523,-40.3,-36.584,-84.834
-53.309,-30.903,-41.498,-60.261
-89.594,-53.261,-32.929,-21.82
-29.919,-44.396,-38.216,-72.878
-51.427,-37.404,-54.572,-80.444
-86.469,-24.674,-36.303,-30.23
-58.212,-60.092,-45.339,-40.608
-21.476,-33.29,-45.241,-77.321
-57.322,-40.048,-40.039,-12.568
-93.708,-31.757,-36.287,-14.929
-50.048,-66.931,-49.13,-52.176
-11.516,-55.965,-45.617,-52.339
-94.86,-32.964,-26.021,-16.226
-43.017,-66.432,-38.28,-31.252
-32.308,-46.093,-45.621,-35.738
-65.347,-36.34,-40.499,-42.575
-61.564,-33.887,-54.542,1.4171
-37.088,-33.363,-20.37,-46.377
-34.324,-23.842,-49.554,-46.868
-70.024,-50.749,-36.718,-12.134
-58.12,-30.834,-34.3,-22.202
-32.315,-43.547,-42.152,-57.258
-48.134,-38.062,-59.923,-51.936
-62.242,-28.205,-21.986,-8.1632
-48.488,-36.41,-23.246,-33.309
-27.481,-56.099,-52.21,-44.18
-31.545,-23.754,-27.374,-31.27
-89.191,-57.186,-26.717,-11.482
-39.286,-63.737,-32.743,-55.334
-27.292,-40.293,-44.781,-64.537
-70.124,-24.85,-40.267,-15.277
-50.117,-37.751,-29.065,-27.359
-38.126,-56.816,-41.256,-62.4
-18.935,-41.916,-51.872,-49.841
-76.738,-41.046,-57.898,-4.7921
-71.387,-64.996,-45.434,-24.68
-26.687,-49.301,-56.736,-69.199
-64.517,-22.172,-34.269,-25.867
-84.863,-69.54,-19.423,-19.153
-32.556,-41.047,-36.738,-64.611
-24.77,-33.007,-40.919,-50.121
-73.981,-58.629,-59.527,-12.546
-37.891,-49.345,-46.305,-44.446
-32.162,-46.563,-62.313,-59.111
-33.255,-37.674,-41.2,-40.916
-70.575,-41.159,-23.308,1.1286
-24.407,-48.151,-34.243,-37.869
-35.285,-52.871,-63.451,-49.498
-43.79,-31.655,-31.343,-28.71
-40.053,-48.261,-39.539,-28.415
-23.514,-56.501,-48.446,-71.055
-40.818,-31.721,-38.808,-32.001
-75.48,-56.293,-42.987,-1.8181
-39.167,-50.944,-31.121,-70.966
-22.071,-33.266,-38.473,-41.094
-51.46,-35.705,-41.617,-29.691
-59.639,-35.105,-38.981,-1.0036
-33.425,-50.431,-49.209,-57.985
-41.57,-39.569,-53.184,-47.492
-82.346,-33.778,-41.729,-18.144
-54.862,-51.318,-39.822,-38.062
-16.371,-34.224,-47.962,-72.333
-57.541,-38.783,-24.711,-29.917
-69.953,-22.615,-34.451,-12.923
-14.081,-46.962,-39.775,-81.099
-20.648,-44.003,-43.814,-53.081
-72.865,-30.353,-23.347,-16.085
-44.13,-43.024,-29.262,-52.454
-24.215,-60.108,-61.582,-98.793
-60.803,-37.849,-24.667,-47.147
-54.527,-27.246,-48.304,-49.405
-24.083,-37.751,-39.119,-81.964
-37.474,-28.484,-40.197,-94.984
-53.241,-44.187,-44.397,-20.314
-46.973,-38.083,-26.118,-49.066
-15.88,-55.926,-38.442,-73.063
-51.826,-25.903,-62.275,-40.318
-77.029,-31.333,-33.845,-14.11
-5.6317,-32.899,-24.776,-47.773
-38.197,-44.504,-47.612,-72.44
-58.228,-38.149,-43.316,-34.032
-71.788,-25.448,-61.476,-26.698
-5.5898,-88.42,-58.152,-57.422
-57.323,-27.606,-49.585,-32.516
-78.536,-39.66,-43.096,-12.231
-13.694,-37.165,-27.745,-64.021
-35.241,-65.945,-46.146,-57.965
-50.039,-22.729,-35.148,-14.756
-88.62,-30.665,-28.878,-3.4781
-11.143,-67.946,-38.849,-63.475
-62.587,-65.711,-74.908,-52.656
-72.89,-27.382,-32.267,-16.794
-36.583,-29.753,-34.124,-29.66
-33.39,-47.009,-58.137,-71.877
-51.739,-40.273,-38.053,-33.354
-84.049,-42.183,-42.436,-8.8292
-20.998,-48.158,-39.812,-76.971
-38.256,-41.28,-49.962,-37.269
-68.027,-37.66,-35.707,-20.407
-64.235,-18.017,-24.712,-38.7
-38.456,-68.262,-36.265,-55.316
-30.942,-47.776,-47.841,-39.363
-41.841,-29.745,-34.586,-8.9677
-26.13,-39.832,-41.007,-62.394
-34.724,-40.919,-45.928,-55.758
-51.279,-51.061,-51.086,-28.552
-55.529,-38.217,-27.15,-9.5482
-31.856,-54.539,-72.096,-66.754
-37.511,-38.148,-40.417,-44.07
-68.838,-31.495,-41.251,-8.3108
-33.372,-40.568,-30.666,-42.518
-31.92,-38.539,-39.535,-65.822
-64.947,-50.61,-45.6,-31.097
-74.653,-27.587,-44.702,-19.711
-25.153,-30.656,-36.667,-57.286
-54.564,-54.943,-63.859,-54.113
-85.681,-29.085,-58.929,-10.948
-68.846,-29.203,-48.889,-53.968
-23.96,-70.815,-51.287,-52.134
-54.222,-28.854,-41.819,-39.699
-65.775,-38.76,-30.058,1.3053
-24.733,-52.6,-33.973,-31.239
-30.413,-61.977,-28.718,-63.224
-77.343,-39.667,-53.348,-30.201
-54.839,-16.927,-23.46,-25.867
-38.821,-28.991,-35.571,-63.4
-55.532,-20.955,-33.452,-47.81
-64.297,-26.635,-48.621,-16.58
-39.972,-46.891,-24.271,-60.432
-34.648,-36.122,-52.422,-61.158
-38.7,-33.683,-48.353,-33.791
-76.893,-35.694,-38.4,-23.813
-24.269,-35.556,-27.478,-61.363
-37.523,-43.108,-47.234,-54.522
-56.892,-24.979,-46.22,-59.151
-58.882,-60.007,-16.321,-38.967
-30.493,-71.523,-42.35,-65.038
-43.536,-27.994,-41.6,-57.323
-74.342,-44.615,-45.71,-50.766
-40.63,-23.407,-24.269,-45.029
-51.416,-45.784,-46.169,-69.45
-39.962,-36.213,-27.571,-55.678
-78.771,-50.819,-41.617,-100.66
-56.906,-40.615,-39.961,-59.015
-27.329,-41.268,-64.419,-94.858
-63.975,-38.841,-43.137,-53.16
-33.137,-59.498,-27.954,-65.336
-45.184,-44.072,-44.987,-55.965
-35.96,-44.724,-41.681,-59.051
-57.517,-55.381,-41.768,-61.17
-46.407,-55.488,-35.73,-56.939
-41.759,-44.701,-32.434,-54.375
-48.476,-22.862,-65.471,-42.551
-57.06,-54.193,-30.245,-52.095
-55.429,-61.936,-34.622,-32.594
-37.5,-30.85,-68.275,-52.794
-44.59,-25.732,-19.93,-39.248
-42.529,-42.47,-35.402,-23.051
-23.621,-56.633,-28.95,-46.551
-39.475,-30.004,-46.627,-34.7
-62.224,-40.067,-34.959,-20.216
-63.296,-69.177,-47.081,-50.15
-30.396,-27.596,-35.025,-39.323
-56.413,-33.166,-52.19,-35.321
-56.466,-65.874,-32.86,-30.543
-61.961,-54.398,-43.519,-59.137
-40.749,-41.571,-43.109,-38.54
-61.803,-23.739,-32.839,-16.529
-53.279,-42.446,-61.511,-45.216
-36.705,-32.37,-25.012,-44.163
-75.034,-38.605,-71.414,-25.503
-81.95,-29.652,-27.394,-20.892
-20.904,-50.265,-32.593,-46.634
-26.51,-36.379,-39.623,-53.547
-73.198,-34.474,-23.006,-17.809
-71.345,-54.59,-60.56,-28.854
-31.199,-37.861,-36.796,-54.934
-47.431,-34.496,-69.388,-22.276
-112.8,-46.229,-13.693,-4.4118
-49.831,-41.427,-34.928,-40.932
-55.326,-32.044,-37.281,-44.587
-73.807,-29.054,-35.041,-8.513
-24.881,-49.301,-25.404,-45.953
-48.882,-40.245,-41.527,-52.867
-53.084,-28.27,-42.179,-29.435
-93.208,-38.513,-26.918,-2.9286
-25.317,-46.885,-44.253,-49.005
-45.598,-43.062,-33.726,-37.594
-76.704,-28.798,-47.937,-16.523
-48.462,-30.944,-40.482,-25.501
-21.275,-59.314,-50.826,-46.249
-53.331,-39.495,-59.258,-26.628
-79.243,-41.261,-45.613,-10.928
-21.072,-46.35,-37.587,-67.982
-44.386,-50.57,-36.934,-49.816
-78.194,-40.261,-42.229,-6.4849
-70.367,-44.302,-40.794,-12.757
-18.415,-37.592,-53.314,-62.46
-39.874,-47.713,-41.375,-33.901
-57.708,-19.388,-27.315,1.5934
-18.854,-64.129,-37.702,-60.441
-39.237,-42.516,-33.261,-51.101
-66.651,-38.943,-52.395,-16.194
-70.804,-28.298,-57.433,-29.055
-11.024,-66.656,-73.626,-77.846
-61.678,-42.434,-45.128,-39.794
-81.444,-32.451,-37.039,-17.283
-31.751,-46.308,-41.602,-82.822
-21.146,-65.553,-47.405,-54.787
-56.818,-33.031,-35.715,-56.968
-65.643,-38.57,-54.464,-58.983
-34.17,-33.246,-35.429,-65.608
-42.241,-24.457,-34.068,-52.659
-46.336,-39.916,-41.007,-46.3
-36.513,-25.895,-47.298,-82.745
-48.259,-40.568,-38.806,-73.447
-43.769,-32.919,-29.014,-68.226
-43.883,-25.484,-49.301,-53.796
-13.297,-17.076,-47.047,-61.269
-46.517,-45.991,-47.694,-54.529
-62.841,-36.085,-39.202,-36.377
-65.888,-31.731,-42.135,-32.151
-26.462,-60.032,-53.043,-73.866
-57.914,-47.014,-40.808,-51.189
-58.048,-21.379,-39.826,-11.809
-29.473,-47.649,-29.762,-47.154
-64.938,-63.605,-64.94,-56.09
-59.246,-24.601,-33.191,-25.748
-53.527,-32.64,-22.775,-23.103
-22.491,-80.713,-37.718,-46.511
-62.45,-34.556,-35.301,-63.181
-59.018,-23.876,-38.811,-17.797
-53.222,-32.49,-39.684,-33.568
-59.298,-34.186,-54.724,-48.496
-59.864,-32.918,-43.214,-18.748
-87.039,-26.109,-51.895,-11.267
-6.8191,-37.013,-33.117,-53.517
-39.405,-49.598,-58.81,-30.523
-47.367,-25.155,-40.239,-36.818
-56.824,-39.747,-29.842,-26.656
-53.431,-44.18,-35.668,-36.997
-60.067,-38.492,-30.302,-38.575
-62.253,-35.294,-44.409,-29.742
-22.115,-44.946,-32.693,-37.916
-30.233,-52.781,-38.477,-59.019
-52.209,-35.649,-49.835,-10.525
-72.846,-52.03,-39.119,-16.336
-17.556,-40.558,-36.869,-84.858
-39.935,-33.302,-33.704,-33.033
-57.545,-45.874,-47.853,-14.92
-52.25,-41.172,-36.617,-45.159
-41.528,-63.378,-63.433,-72.703
-71.649,-26.973,-60.104,-26.972
-50.613,-47.972,-26.944,-6.1568
-30.967,-52.176,-45.513,-45.845
-47.915,-48.125,-40.523,-38.059
-64.153,-30.319,-35.907,-21.551
-71.565,-35.194,-39.618,-32.879
-16.782,-50.71,-61.396,-85.226
-57.178,-49.475,-42.179,-28.913
-47.462,-20.285,-34.534,-13.924
-40.482,-81.331,-46.714,-36.532
-43.392,-60.066,-57.188,-45.893
-38.612,-44.833,-30.691,-22.168
-43.864,-29.798,-27.673,-34.018
-36.853,-36.461,-48.272,-64.409
-38.283,-45.854,-24.601,-38.572
-47.402,-38.633,-61.661,-11.204
-35.01,-41.266,-29.451,-28.187
-24.875,-43.959,-50.828,-53.21
-30.227,-28.457,-39.765,-26.99
-91.191,-29.402,-21.941,-22.694
-15.625,-39.962,-49.895,-31.012
-52.469,-36.881,-49.264,-65.985
-71.605,-30.843,-38.938,-15.58
-65.194,-30.909,-40.624,-36.049
-37.469,-29.436,-34.832,-68.528
-68.354,-48.463,-54.489,-53.106
-66.571,-17.192,-41.376,-4.2895
-31.647,-37.376,-52.131,-64.248
-31.047,-57.745,-44.934,-62.142
-34.489,-46.772,-41.704,-44.796
-100.21,-27.212,-16.564,-26.46
-42.771,-57.909,-44.055,-64.085
-24.886,-63.042,-52.248,-64.844
-64.176,-24.584,-29.601,-51.084
-45.463,-57.555,-23.713,-61.24
-21.424,-42.037,-53.304,-76.412
-51.963,-20.549,-42.093,-49.474
-94.574,-52.313,-38.564,-14.815
-32.984,-31.557,-64.4,-108.62
-41.161,-43.988,-49.328,-52.105
-74.765,-19.315,-37.918,-45.153
-61.785,-44.773,-38.351,-6.9464
-31.351,-60.705,-38.375,-72.419
-37.739,-38.773,-51.183,-58.897
-59.168,-22.967,-24.683,-21.377
-55.427,-63.556,-45.761,-39.79
-21.515,-51.716,-59.432,-53.862
-52.734,-34.658,-34.848,-38.421
-78.501,-41.534,-34.219,-12.899
-38.311,-41.665,-52.297,-64.773
-40.491,-28.817,-44.499,-40.38
-61.837,-41.674,-42.116,-3.7611
-68.014,-62.601,-37.499,-22.014
-18.055,-49.807,-47.862,-81.315
-43.335,-36.694,-69.313,-32.238
-77.569,-26.596,-21.808,-0.44068
-43.071,-34.327,-36.14,-46.544
-49.502,-63.355,-58.917,-60.377
-67.154,-50.073,-49.363,-30.372
-50.487,-59.09,-37.948,-26.874
-16.516,-32.914,-65.674,-66.324
-36.323,-34.707,-43.088,-48.496
-75.882,-39.127,-36.138,-5.3854
-27.514,-64.853,-34.615,-32.497
-17.753,-62.78,-41.921,-49.499
-49.69,-36.453,-60.705,-28.055
-62.631,-36.976,-18.569,-16.368
-35.091,-36.859,-50.371,-48.303
-47.47,-28.261,-45.456,-46.243
-39.229,-44.289,-35.385,-16.257
-52.013,-38.787,-22.763,-33.434
-29.55,-41.822,-60.152,-44.551
-39.009,-28.396,-32.401,-42.802
-83.335,-58.938,-40.444,-16.669
-51.318,-53.608,-42.194,-46.365
-34.982,-45.529,-74.501,-46.98
-65.269,-26.068,-27.27,-8.7587
-47.351,-25.359,-47.068,-32.17
-40.711,-48.545,-51.004,-48.07
-41.902,-41.387,-76.957,-30.009
-86.835,-39.606,-43.835,-3.6567
-46.651,-57.689,-23.507,-53.443
-23.468,-51.08,-42.122,-77.699
-62.637,-27.108,-35.419,-18.669
-82.06,-23.149,-22.42,-15.123
-16.505,-57.962,-40.854,-59.094
-32.031,-78.273,-50.071,-54.05
-65.873,-36.307,-39.836,-6.0211
-42.21,-33.931,-37.017,-40.932
-29.187,-45.579,-43.671,-61.548
-84.722,-20.454,-42.485,-29.401
-76.399,-50.23,-40.917,-11.015
-20.225,-34.428,-47.3,-60.269
-37.375,-40.586,-52.67,-55.576
-74.8,-21.996,-42.283,-31.658
-46.119,-29.756,-30.209,-35.323
-39.207,-53.243,-37.053,-78.178
-35.972,-47.474,-45.768,-38.721
-46.021,-29.978,-32.558,-18.496
-39.32,-56.58,-36.751,-55.906
-33.535,-55.036,-46.589,-63.322
-55.583,-31.881,-55.564,-50.829
-89.162,-42.28,-13.965,-52.11
-31.725,-47.588,-43.526,-44.48
-22.114,-50.789,-44.671,-42.014
-71.863,-45.178,-27.859,-77.157
-53.626,-75.819,-39.571,-75.146
-17.577,-64.672,-49.642,-95.519
-53.872,-33.418,-41.469,-76.566
-60.517,-32.941,-24.454,-39.534
-38.491,-43.574,-45.915,-70.875
-34.473,-46.141,-46.206,-105.6
-54.054,-43.102,-26.122,-22.435
-74.031,-55.498,-42.176,-40.446
-21.493,-62.079,-44.104,-57.458
-54.766,-33.442,-34.881,-38.222
-86.969,-27.961,-43.141,-26.425
-29.725,-83.565,-52.712,-38.337
-21.831,-72.653,-43.605,-64.719
-49.179,-25.93,-21.307,-33.552
-84.295,-29.779,-18.295,-20.115
-37.585,-39.51,-55.531,-43.907
-37.137,-33.392,-32.611,-31.609
-40.517,-25.242,-43.362,-9.446
-30.724,-53.032,-48.034,-70.942
-39.317,-45.573,-42.007,-39.19
-50.921,-45.029,-42.017,-26.402
-62.727,-33.324,-70.503,0.53828
-33.079,-41.72,-18.399,-53.923
-66.901,-74.492,-41.894,-42.623
-48.977,-22.787,-31.646,-5.3414
-68.601,-67.641,-42.579,-28.477
-40.456,-31.494,-68.805,-44.846
-80.15,-42.612,-42.845,0.14679
-79.367,-41.222,-26.966,-12.652
-11.23,-51.178,-50.941,-61.065
-32.39,-66.423,-48.365,-61.947
-58.828,-16.469,-36.369,-21.162
-60.976,-51.487,-53.968,-32.657
-31.604,-53.71,-37.023,-61.405
-57.037,-53.384,-43.081,-33.342
-68.742,-20.444,-10.938,-8.5809
-28.343,-51.853,-52.247,-50.536
-43.441,-30.482,-46.459,-41.329
-68.501,-30.036,-56.649,-15.636
-72.166,-33.079,-30.141,-9.5123
-32.035,-43.08,-44.897,-58.606
-57.057,-39.891,-52.369,-62.746
-93.277,-33.869,-23.263,-15.696
-36.454,-48.86,-27.107,-30.491
-32.999,-53.057,-30.817,-54.292
-49.656,-39.292,-24.188,-22.072
-61.33,-18.346,-44.352,-20.57
-14.064,-47.231,-43.327,-52.594
-36.617,-58.001,-61.481,-38.785
-66.051,-37.357,-35.321,-8.1747
-41.494,-30.725,-24.634,-35.999
-23.636,-69.823,-44.183,-64.956
-31.515,-31.104,-49.833,-40.819
-73.988,-38.894,-43.805,-10.767
-27.487,-68.709,-32.543,-36.658
-36.616,-34.049,-40.002,-69.82
-69.366,-23.462,-63.268,-10.247
-55.384,-9.5694,-47.27,-40.15
-14.974,-62.079,-35.37,-61.346
-74.15,-47.168,-45.827,-41.296
-66.314,-28.83,-49.793,-10.764
-24.025,-59.545,-53.29,-64.122
-28.346,-63.638,-37.69,-59.931
-64.821,-33.36,-29.058,-25.576
-62.598,-38.943,-36.63,-21.485
-21.715,-55.662,-46.583,-65.77
-36.344,-73.874,-49.473,-57.696
-87.264,-25.729,-20.333,-45.393
-35.768,-35.528,-18.882,-54.397
-31.264,-34.694,-47.96,-71.116
-50.784,-22.147,-43.492,-31.877
-54.661,-50.02,-40.41,-42.014
-27.457,-72.896,-45.814,-84.775
-32.44,-38.931,-47.061,-71.568
-78.49,-46.154,-46.087,-45.221
-58.774,-35.512,-30.194,-52.907
-33.313,-43.56,-37.418,-97.214
-59.211,-53.779,-33.681,-64.39
-78.146,-28.707,-52.154,-14.262
-28.034,-56.271,-34.194,-53.918
-73.681,-36.071,-53.914,-58.217
-78.195,-42.391,-26.435,-2.3366
-53.73,-24.913,-44.352,-20.371
-14.438,-59.114,-54.004,-54.666
-61.797,-45.374,-40.884,-47.421
-83.313,-35.976,-36.189,-14.337
-22.578,-38.678,-36.095,-40.297
-46.571,-58.079,-49.212,-53.44
-54.825,-38.295,-37.337,-10.025
-52.242,-34.014,-43.273,-14.691
-20.196,-37.823,-44.072,-62.03
-48.033,-45.408,-49.984,-37.727
-73.811,-36.413,-26.758,-5.4425
-50.167,-24.464,-41.386,-36.77
-38.743,-38.614,-54.43,-53.794
-45.715,-33.747,-54.607,-33.296
-62.228,-17.77,-24.377,-12.513
-16.349,-42.064,-37.488,-29.696
-57.143,-39.609,-47.258,-45.018
-42.977,-28.506,-29.454,-32.452
-72.614,-36.597,-28.93,-46.697
-10.922,-50.371,-49.753,-75.847
-58.643,-48.234,-40.585,-34.877
-84.168,-27.312,-43.909,-5.1702
-27.983,-31.008,-41.938,-61.334
-51.179,-60.771,-31.088,-47.093
-34.682,-44.41,-62.148,-35.025
-86.378,-54.243,-40.754,-5.6252
-30.906,-62.696,-43.38,-41.816
-53.827,-70.319,-33.041,-48.964
-62.821,-39.529,-44.838,-23.706
-53.466,-30.266,-32.64,-47.779
-25.599,-72.627,-53.798,-91.739
-85.11,-45.044,-45.879,-16.666
-91.012,-35.346,-34.092,-28.716
-26.939,-51.385,-52.638,-61.682
-44.885,-81.347,-67.584,-59.397
-80.828,-32.279,-31.603,-19.605
-68.263,-20.712,-26.771,-23.943
-22.913,-67.07,-53.98,-56.393
-46.284,-45.286,-44.951,-52.59
-42.154,-27.826,-47.814,-13.35
-37.265,-53.345,-61.732,-54.117
-29.329,-38.851,-53.288,-67.056
-62.137,-24.248,-61.877,-23.396
-72.824,-36.207,-35.398,-21.929
-26.489,-53.37,-46.524,-62.585
-35.107,-37.424,-49.149,-24.4
-52.275,-22.41,-59.884,-14.474
-39.949,-48.394,-32.289,-63.371
-27.21,-50.494,-56.436,-47.223
-55.263,-48.538,-58.335,-47.21
-69.244,-32.342,-34.56,-15.666
-57.453,-47.062,-51.529,-58.905
-44.528,-70.991,-61.037,-47.055
-77.4,-44.607,-21.277,-16.089
-67.211,-36.941,-38.843,-40.725
-34.893,-48.288,-39.825,-59.313
-40.178,-55.533,-39.792,-45.978
-68.535,-30.54,-32.412,-14.282
-37.207,-60.36,-36.951,-81.472
-26.239,-55.566,-49.207,-76.101
-71.503,-43.425,-28.35,-44.656
-63.222,-28.356,-64.633,-51.486
-27.607,-45.296,-30.022,-115.85
-40.478,-27.049,-51.285,-81.515
-80.786,-35.515,-49.636,-24.974
-62.535,-33.764,-43.709,-37.799
-27.298,-59.166,-46.564,-67.21
-49.41,-35.222,-67.012,-40.482
-92.052,-26.174,-39.89,-15.032
-8.8582,-30.173,-32.894,-41.254
-42.25,-36.121,-43.336,-64.116
-48.219,-40.162,-40.469,-29.363
-71.519,-44.734,-45.308,-25.495
-15.364,-50.959,-48.737,-91.577
-40.433,-41.103,-48.882,-31.547
-69.672,-30.076,-41.036,-4.9976
-21.956,-38.137,-19.696,-62.183
-27.732,-77.751,-52.023,-44.871
-57.124,-20.367,-45.12,-28.626
-108.93,-36.098,-53.362,-2.1071
-23.043,-67.669,-37.811,-53.607
-51.551,-77.241,-64.661,-49.599
-60.421,-21.933,-35.081,-1.709
-34.597,-45.753,-40.283,-29.064
-24.885,-77.246,-47.52,-76.258
-65.219,-60.671,-63.671,-26.836
-60.335,-53.078,-42.869,-4.5634
-28.358,-37.152,-42.249,-99.744
-59.601,-41.512,-57.727,-43.453
-62.421,-42.494,-37.84,-27.636
-61.307,-27.778,-21.972,-16.373
-28.425,-54.506,-28.424,-71.184
-31.606,-73.355,-61.569,-52.697
-49.919,-26.857,-45.376,-19.19
-23.63,-33.966,-23.187,-41.15
-43.754,-47.193,-59.732,-66.839
-66.818,-42.743,-49.514,-19.533
-58.019,-24.73,-33.047,-13.37
-23.474,-45.048,-43.34,-58.418
-35.706,-49.158,-47.919,-35.478
-70.848,-24.005,-40.692,-16.848
-39.572,-45.003,-21.838,-47.276
-41.126,-46.044,-43.083,-49.248
-73.703,-49.386,-57.546,-27.881
-75.941,-30.026,-35.147,-11.8
-35.948,-37.738,-39.341,-52.754
-37.517,-45.502,-52.812,-52.802
-82.924,-48.085,-48.673,-4.8631
-49.361,-31.13,-27.105,-20.261
-19.099,-42.047,-37.654,-41.559
-51.781,-37.936,-50.985,-17.358
-63.235,-22.162,-45.499,-10.372
-39.266,-40.351,-37.165,-44.823
-28.027,-61.506,-36.954,-53.772
-72.494,-43.019,-46.628,-20.218
-88.628,-31.372,-24.914,-8.5291
-22.739,-37.674,-56.548,-86.923
-55.716,-44.829,-25.631,-37.556
-83.449,-28.799,-38.178,-17.071
-47.622,-53.997,-30.128,-60.148
-34.898,-36.653,-68.248,-77.486
-47.027,-32.828,-57.471,-30.08
-49.849,-26.745,-32.86,-28.464
-16.848,-26.82,-26.573,-49.342
-39.538,-56.007,-46.047,-57.122
-74.402,-20.945,-37.188,-25.32
-42.93,-27.452,-44.121,-65.71
-22.822,-61.334,-49.304,-84.798
-43.468,-52.097,-45.322,-63.295
-99.523,-20.681,-43.697,-32.425
-17.413,-25.918,-30.488,-65.032
-52.391,-71.347,-44.035,-62.703
-64.918,-32.759,-41.047,-25.986
-75.875,-10.03,-48.131,-102.67
-21.063,-45.511,-30.566,-63.682
-53.865,-53.162,-45.142,-94.339
-51.982,-30.186,-35.51,-41.685
-21.479,-68.153,-27.237,-74.511
-31.243,-48.972,-60.071,-111.68
-56.243,-35.211,-31.926,-38.673
-68.237,-34.195,-33.886,-35.293
-15.999,-46.057,-48.879,-77.741
-59.424,-64.534,-50.769,-54.907
-82.984,-20.173,-41.341,-28.135
-43.177,-60.63,-20.885,-62.215
-36.94,-46.744,-33.292,-53.226
-32.878,-52.697,-40.101,-41.119
-66.284,-34.094,-36.459,-7.2302
-29.85,-33.877,-41.947,-52.639
-51.922,-43.47,-49.233,-45.221
-48.033,-30.662,-47.682,-27.531
-42.128,-20.659,-42.275,-6.6811
-32.831,-48.054,-71.278,-59.152
-30.218,-34.306,-46.245,-44.336
-71.747,-19.111,-36.31,-12.896
-30.245,-57.83,-46.386,-32.478
-38.672,-36.735,-50.623,-49.21
-58.494,-37.709,-49.822,-32.044
-66.44,-11.381,-44.293,-10.276
-34.915,-43.066,-47.99,-61.509
-55.274,-60.992,-40.994,-54.466
-85.01,-27.845,-50.41,-14.71
-56.631,-21.713,-27.399,-38.291
-32.723,-91.471,-64.679,-76.075
-42.345,-32.439,-46.316,-22.819
-63.661,-23.126,-28.879,-3.8064
-16.547,-47.691,-86.544,-36.96
-43.191,-47.321,-45.117,-48.789
-42.884,-44.047,-38.743,-6.8358
-40.292,-23.777,-42.347,-8.6944
-42.821,-28.294,-44.22,-47.031
-67.09,-25.66,-35.859,-37.931
-55.562,-43.786,-66.476,-14.461
-37.973,-62.883,-26.228,-88.944
-44.154,-44.367,-45.98,-50.868
-55.686,-44.17,-49.334,-29.177
-49.597,-27.786,-41.032,-9.3734
-29.993,-39.4,-31.11,-42.606
-51.829,-47.735,-43.651,-38.376
-56.581,-34.762,-28.531,-15.7
-32.141,-30.268,-52.054,-38.118
-5.3629,-64.777,-50.09,-55.853
-66.647,-44.968,-47.808,-8.4474
-70.869,-28.39,-44.006,-3.6574
-16.562,-55.489,-47.515,-93.739
-22.633,-69.914,-50.151,-53.565
-100.9,-33.486,-48.086,-11.622
-68.716,-50.18,-20.237,-9.0843
-25.024,-70.928,-45.061,-67.566
-62.197,-36.49,-26.262,-34.752
-61.363,-24.674,-38.005,2.429
-21.827,-54.472,-23.813,-45.779
-33.824,-43.813,-37.297,-54.821
-72.382,-38.352,-45.385,-5.0392
-75.804,-31.784,-60.612,-24.035
-12.254,-88.004,-64.254,-80.692
-55.495,-59.616,-34.563,-46.086
-84.161,-29.89,-58.18,-18.508
-40.847,-58.025,-50.24,-45.213
-27.895,-56.756,-35.035,-75.184
-51.729,-51.825,-36.432,-37.453
-49.13,-31.294,-36.137,-38.14
-37.507,-29.844,-31.52,-61.968
-19.434,-26.109,-45.308,-58.376
-48.601,-36.034,-38.687,-30.566
-57.987,-24.328,-36.714,-84.337
-27.535,-33.208,-71.313,-63.358
-47.819,-55.614,-32.284,-50.074
-65.542,-33.595,-35.644,-31.436
-28.314,-60.26,-43.803,-52.468
-54.773,-46.477,-42.992,-34.356
-68.447,-50.417,-41.709,-38.94
-41.542,-35.081,-27.052,-27.436
-34.853,-52.574,-48.58,-56.455
-50.076,-74.11,-44.684,-34.957
-55.828,-49.644,-54.967,-13.522
-38.119,-43.618,-31.962,-52.505
-25.714,-37.809,-55.883,-54.65
-57.402,-43.115,-33.075,-12.498
-71.606,-32.307,-34.135,0.1281
-16.077,-77.618,-40.261,-58.272
-43.925,-31.768,-44.619,-57.889
-70.214,-24.61,-46.496,-9.5727
-30.01,-33.67,-33.235,-21.268
-34.256,-33.623,-46.135,-51.461
-75.003,-24.861,-39.509,-26.25
-92.804,-32.072,-46.305,-10.103
-23.155,-57.9,-29.103,-69.375
-52.354,-43.165,-64.064,-48.967
-38.482,-33.475,-46.692,-17.193
-59.831,-43.085,-19.62,-8.568
-26.716,-50.554,-34.071,-47.705
-50.722,-39.699,-31.818,-46.091
-73.937,-36.331,-32.877,-11.05
-57.791,-41.103,-23.035,-42.624
-16.348,-47.781,-47.054,-76.199
-49.274,-42.326,-43.943,-10.191
-72.911,-63.27,-39.713,-27.002
-12.84,-48.01,-40.789,-58.101
-35.198,-45.721,-42.509,-55.699
-71.598,-40.2,-38.462,-11.137
-57.535,-48.705,-54.198,-30.872
-26.944,-45.358,-66.609,-69.101
-53.556,-35.691,-34.548,-25.718
-75.882,-41.41,-33.261,3.2886
-34.608,-64.901,-34.648,-48.608
-40.569,-57.336,-48.845,-45.063
-68.694,-36.359,-22.776,-16.615
-92.522,-37.257,-45.09,-30.092
-7.0623,-50.562,-65.029,-70.169
-60.597,-66.369,-34.864,-44.214
-62.47,-22.538,-31.392,-6.3564
-55.499,-51.838,-30.201,-40.837
-27.818,-60.468,-45.988,-50.924
-43.544,-54.129,-26.829,-29.204
-62.716,-28.059,-35.931,-23.73
-38.813,-29.815,-52.628,-40.842
-30.36,-33.083,-34.445,-47.402
-49.853,-33.71,-44.326,-10.987
-50.218,-56.513,-34.285,-37.946
-25.045,-38.059,-49.658,-51.336
-24.712,-21.849,-30.163,-43.074
-79.546,-21.378,-41.49,-5.3139
-33.296,-58.934,-45.209,-33.638
-41.971,-44.238,-43.61,-40.248
-61.521,-34.264,-32.012,-17.219
-74.927,-47.424,-44.613,-8.1702
-39.808,-35.761,-40.494,-39.985
-41.625,-63.794,-79.71,-75.393
-104.36,-10.782,-35.291,-4.7446
-41.66,-61.836,-24.13,-41.459
-33.29,-62.156,-52.899,-35.768
-21.465,-44.805,-44.806,-65.089
-92.136,-22.482,-23.007,-16.174
-45.203,-65.915,-63.281,-63.903
-32.518,-58.801,-37.118,-82.826
-53.27,-25.208,-40.345,-40.123
-71.673,-34.655,-23.731,-44.734
-30.92,-45.796,-61.754,-75.922
-29.881,-17.295,-40.154,-93.77
-89.592,-48.768,-44.138,-7.9797
-47.015,-61.192,-55.902,-102.38
-47.556,-44.886,-35.758,-64.132
-39.229,-27.41,-40.765,-54.096
-81.597,-51.304,-27.838,5.3761
-29.513,-41.072,-32.919,-69.906
-27.88,-43.106,-40.493,-52.445
-62.168,-32.243,-29.971,-10.759
-63.85,-57.58,-26.84,-16.272
-11.598,-58.312,-40.973,-64.157
-67.02,-27.405,-64.9,-35.61
-109.16,-29.608,-40.237,-5.4611
-39.214,-53.372,-41.517,-56.462
-28.957,-47.78,-37.114,-66.536
-41.932,-30.543,-49.231,-13.54
-94.832,-56.73,-40.935,4.8368
-31.332,-46.315,-27.678,-68.3
-25.985,-50.196,-68.924,-45.43
-102.01,-34.008,-23.536,8.5315
-46.407,-41.691,-37.415,-47.653
-25.396,-37.257,-47.063,-47.66
-53.828,-42.348,-67.426,-32.097
-70.204,-43.682,-27.977,-11.911
-35.888,-36.37,-66.885,-45.673
-35.869,-43.919,-37.933,-47.13
-78.268,-40.957,-46.477,-15.314
-88.954,-45.369,-39.802,-16.092
-29.976,-39.588,-50.268,-44.386
-42.443,-40.154,-43.628,-41.615
-79.954,-59.265,-34.94,-11.772
-41.264,-45.601,-47.228,-61.24
-22.72,-39.232,-26.724,-47.62
-41.376,-62.761,-48.898,-21.123
-79.97,-39.097,-15.106,-24.483
-26.413,-38.381,-41.745,-45.827
-30.128,-24.4,-36.432,-51.504
-70.287,-25.492,-31.803,2.3909
-39.015,-46.242,-29.99,-25.801
-39.434,-54.007,-59.953,-70.723
-58.899,-42.831,-35.256,-16.641
-68.569,-35.761,-26.581,-12.309
-27.081,-42.781,-59.725,-46.028
-49.74,-57.791,-77.685,-73.219
-69.418,-38.487,-39.913,-15.812
-66.076,-55.478,-44.6,-46.147
-22.611,-55.818,-49.533,-75.9
-52.033,-26.515,-51.786,-29.985
-96.871,-33.77,-48.54,-5.2187
-20.61,-56.233,-41.685,-50.66
-33.554,-65.631,-42.116,-69.54
-75.959,-26.279,-45.411,-8.4028
-64.179,-45.671,-23.814,-33.01
-34.254,-44.978,-50.191,-54.911
-37.519,-26.941,-50.859,-38.958
-81.88,-37.457,-42.472,-6.4932
-15.378,-41.692,-47.02,-51.147
-49.195,-28.948,-45.005,-51.145
-45.369,-32.034,-40.141,-41.71
-63.975,-26.491,-22.485,-24.874
-39.369,-55.802,-31.822,-68.09
-39.725,-44.066,-37.67,-54.628
-91.623,-38.264,-24.761,-23.299
-51.435,-55.14,-39.127,-65.3
-26.374,-47.79,-44.22,-67.88
-38.525,-46.698,-61.332,-71.433
-107.63,-36.218,-24.711,-15.67
-18.751,-42.925,-65.16,-58.754
-40.59,-55.747,-29.136,-44.924
-84.695,-33.37,-34.617,-38.774
-67.999,-61.83,-29.689,-74.482
-39.145,-46.077,-53.828,-104.56
-48.378,-36.254,-41.251,-90.429
-84.092,-30.522,-36.331,-24.683
-20.375,-49.02,-36.771,-85.782
-43.206,-66.582,-60.19,-67.881
-39.011,-40.954,-45.229,-36.066
-64.425,-55.006,-37.551,-40.424
-18.391,-52.516,-41.327,-55.62
-44.601,-32.883,-37.874,-43.538
-81.373,-34.937,-54.973,-30.051
-45.722,-63.457,-33.942,-36.395
-34.229,-43.307,-49.208,-41.233
-58.542,-22.209,-28.418,-16.006
-34.192,-48.551,-27.37,-23.927
-34.89,-46.81,-48.448,-41.132
-42.27,-41.129,-41.416,-38.102
-49.889,-43.353,-53.559,-10.599
-28.875,-49.983,-22.376,-51.25
-26.543,-46.234,-40.23,-52.314
-53.219,-22.512,-40.241,-29.858
-67.731,-49.973,-54.583,1.3465
-34.25,-36.37,-36.85,-33.299
-26.816,-59.571,-55.867,-42.495
-52.746,-24.136,-34.365,-23.782
-56.647,-59.799,-44.166,-34.485
-35.373,-35.139,-43.738,-66.598
-74.373,-30.585,-54.166,-22.909
-86.436,-53.494,-61.083,-1.6383
-23.811,-56.633,-26.031,-71.8
-44.554,-63.356,-43.818,-51.738
-77.951,-23.874,-33.255,-20.29
-62.966,-47.106,-42.673,-9.3563
-24.496,-50.909,-31.946,-53.579
-47.882,-56.941,-57.906,-54.95
-62.505,-15.814,-12.302,-6.9135
-33.578,-44.067,-31.776,-30.669
-29.696,-45.792,-51.3,-54.034
-61.123,-29.272,-30.946,-21.903
-76.002,-53.615,-63.773,-14.139
-24.193,-40.501,-35.168,-65.702
-53.474,-45.526,-50.476,-54.996
-38.995,-17.904,-38.558,-29.661
-55.818,-53.883,-35.714,-18.193
-25.908,-39.902,-29.319,-52.347
-48.019,-35.262,-46.035,-24.34
-60.854,-30.771,-32.697,-13.45
-15.608,-48.922,-39.818,-48.912
-35.807,-47.089,-69.588,-51.744
-62.717,-29.955,-35.973,-11.734
-74.556,-36.615,-31.646,-32.308
-45.297,-48.589,-58.647,-59.705
-38.999,-38.768,-52.699,-29.953
-47.493,-39.646,-54.152,-8.383
-52.598,-53.952,-43.818,-34.034
-34.202,-44.815,-39.897,-55.192
-71.782,-32.95,-49.822,-7.7548
-60.78,-29.324,-11.081,-15.311
-28.185,-58.396,-60.501,-73.164
-36.02,-52.159,-68.745,-55.356
-63.72,-35.735,-38.726,-8.2331
-53.349,-44.039,-49.74,-58.801
-33.209,-37.344,-59.892,-46.657
-62.749,-30.763,-33.603,-28.661
-64.225,-36.381,-30.933,-7.3463
-36.438,-50.446,-44.995,-45.525
-46.849,-45.339,-56.345,-50.491
-53.562,-31.424,-24.251,-33.282
-39.858,-33.927,-12.52,-20.736
-36.863,-30.858,-44.708,-80.697
-43.853,-52.507,-28.563,-52.161
-63.971,-37.867,-48.721,-27.544
-25.347,-55.416,-23.752,-76.332
-35.559,-45.219,-46.302,-63.565
-55.676,-23.771,-28.43,-43.726
-76.345,-53.596,-47.028,-21.297
-30.484,-33.638,-32.217,-54.51
-49.87,-39.339,-38.398,-77.128
-72.78,-29.281,-47.967,-18.473
-56.323,-71.736,-42.892,-47.263
-21.387,-39.232,-67.71,-81.52
-76.138,-33.806,-35.601,-28.452
-76.564,-38.487,-47.837,-4.3332
-30.483,-51.026,-52.448,-49.439
-30.699,-51.447,-38.835,-38.881
-76.577,-20.841,-37.043,-16.47
-72.671,-37.469,-33.738,-23.633
-38.465,-57.107,-33.584,-67.117
-47.613,-35.328,-51.603,-38.071
-52.317,-45.409,-17.618,2.8484
-42.531,-46.555,-49.481,-41.82
-41.919,-40.041,-43.646,-54.684
-52.705,-33.182,-41.671,-31.044
-76.014,-27.377,-48.986,-21.484
-27.542,-28.768,-56.797,-72.045
-53.829,-42.617,-55.171,-48.77
-36.657,-22.482,-25.124,-9.4961
-38.178,-69.655,-27.212,-18.977
-20.1,-37.463,-40.093,-48.155
-53.193,-37.507,-26.39,-24.566
-55.981,-27.127,-22.925,-22.72
-46.89,-65.184,-36.879,-44.189
-43.569,-47.629,-63.219,-42.964
-95.254,-37.7,-59.23,-11.507
-44.068,-45.01,-11.302,-20.602
-37.106,-76.707,-63.658,-64.715
-21.249,-40.307,-72.613,-57.319
-62.785,-43.3,-36.936,-18.137
-70.204,-79.154,-47.275,-18.356
-31.836,-48.629,-43.97,-69.564
-70.29,-27.785,-45.554,-24.578
-59.947,-39.869,-43.645,-26.466
-60.836,-65.697,-25.888,-50.037
-35.562,-45.806,-61.523,-54.087
-54.944,-24.574,-37.559,-29.127
-54.739,-52.474,-44.179,-34.695
-48.233,-59.376,-62.578,-49.67
-24.462,-35.343,-60.074,-40.369
-100.39,-22.645,-29.409,5.3479
-32.198,-32.008,-44.02,-34.497
-45.397,-52.646,-58.094,-61.033
-41.493,-25.259,-26.818,-34.442
-43.847,-39.017,-33.545,-11.137
-41.091,-39.217,-55.37,-51.545
-42.368,-34.286,-58.997,-32.3
-60.449,-45.697,-33.005,-17.067
-31.737,-58.534,-42.528,-52.753
-31.741,-41.154,-45.739,-41.161
-44.519,-26.881,-33.006,-36.951
-68.52,-38.158,-50.421,2.2391
-29.764,-52.316,-43.516,-48.703
-55.446,-53.742,-48.884,-51.76
-73.256,-37.004,-27.633,-17.667
-61.151,-30.794,-36.496,-39.839
-24.885,-33.814,-57.92,-65.717
-57.917,-59.442,-37.45,-30.801
-95.302,-23.748,-47.796,-10.714
-30.999,-49.302,-43.093,-41.394
-45.845,-55.876,-27.802,-50.521
-53.521,-29.638,-49.223,-35.952
-66.421,-44.69,-14.833,-45.595
-17.242,-57.873,-57.551,-83.581
-61.689,-33.984,-33.969,-52.676
-61.16,-37.005,-48.992,-40.592
-51.161,-37.027,-21.895,-61.869
-28.877,-30.192,-48.479,-67.817
-82.714,-18.683,-39.95,-42.547
-77.434,-59.79,-28.114,-27.498
-42.006,-41.925,-39.13,-53.098
-59.797,-41.067,-55.721,-53.318
-65.09,-23.147,-40.118,-14.72
-32.198,-37.683,-23.753,-19.911
-31.363,-46.424,-48.312,-72.231
-62.506,-37.071,-30.688,-46.797
-54.852,-17.44,-39.68,-18.502
-43.089,-76.004,-51.581,-58.454
-38.126,-31.523,-40.815,-40.023
-83.542,-41.048,-39.277,-13.986
-27.957,-37.299,-30.276,-29.458
-36.207,-65.717,-62.205,-54.915
-47.21,-30.844,-29.853,-35.713
-71.957,-32.724,-54.508,-5.7941
-54.422,-44.711,-48.554,-48.519
-33.144,-56.327,-42.413,-63.969
-62.811,-20.332,-30.408,-18.153
-76.07,-44.964,-42.019,-9.5391
-14.902,-49.4,-32.612,-64.012
-38.307,-50.597,-67.251,-42.396
-43.185,-47.898,-40.268,-8.3386
-48.355,-46.097,-67.317,-59.676
-32.644,-52.692,-60.68,-58.012
-67.325,-52.702,-25.557,-23.788
-63.936,-39.182,-24.257,-10.568
-37.8,-44.516,-25.264,-47.23
-34.009,-54.612,-50.157,-52.364
-56.542,-28.617,-34.999,-23.96
-56.174,-44.921,-41.578,-42.111
-34.248,-33.029,-63.468,-51.88
-47.284,-57.517,-42.565,-37.892
-53.747,-24.136,-38.295,-7.3261
-31.533,-39.772,-42.888,-58.936
-25.379,-42.322,-43.386,-30.099
-80.414,-32.551,-41.807,-18.61
-56.216,-22.181,-8.2432,-27.691
-49.535,-55.034,-54.743,-43.83
-46.695,-37.852,-44.513,-54.639
-66.275,-35.888,-41.855,-3.3294
-48.102,-44.145,-35.714,-44.005
-21.511,-36.992,-45.909,-48.316
-50.567,-32.753,-33.289,-5.1803
-67.362,-33.866,-36.931,-4.2429
-37.229,-60.308,-40.409,-64.997
-32.245,-19.9,-58.693,-63.042
-82.385,-32.948,-25.588,-14.566
-67.049,-36.72,-27.326,-19.529
-26.775,-61.842,-46.952,-64.121
-48.657,-39.47,-51.221,-37.346
-46.885,-24.28,-37.077,-12.716
-34.411,-31.77,-52.327,-54.714
-31.827,-24.925,-40.177,-53.632
-69.99,-33.997,-46.459,-16.267
-44.816,-49.552,-18.648,-44.687
-38.495,-29.255,-40.902,-58.333
-30.808,-33.312,-62.048,-43.888
-57.34,-34.181,-27.846,-16.549
-18.299,-38.764,-24.922,-42.394
-36.317,-46.302,-47.881,-46.316
-82.876,-17.991,-40.196,-38.423
-54.713,-31.126,-33.658,-30.944
-21.715,-96.308,-39.865,-84.778
-37.881,-43.909,-47.461,-61.667
-67.158,-27.831,-48.882,-56.892
-43.343,-51.409,-45.512,-62.796
-41.721,-54.922,-46.192,-64.2
-55.428,-34.194,-42.185,-59.374
-80.911,-39.686,-39.887,-89.197
-33.833,-70.272,-46.529,-46.7
-38.274,-38.203,-41.657,-97.999
-66.625,-29.296,-37.085,-33.014
-42.355,-39.654,-27.472,-60.748
-41.975,-57.068,-57.103,-104.67
-33.276,-48.305,-22.092,-34.78
-77.077,-68.951,-46.489,-44.072
-46.516,-63.175,-56.308,-74.347
-39.264,-44.877,-52.737,-44.984
-62.332,-40.609,-54.767,-49.09
-62.9,-35.287,-27.442,-22.323
-25.788,-45.144,-41.255,-43.144
-42.456,-44.071,-68.417,-44.322
-63.979,-40.042,-27.887,-15.833
-47.755,-70.603,-40.431,-30.66
-36.874,-47.985,-50.562,-57.692
-74.657,-27.718,-61.906,-29.843
-77.231,-33.335,-37.715,-1.8747
-31.651,-50.054,-43.478,-58.105
-28.692,-25.51,-51.771,-35.701
-58.341,-32.282,-52.336,-21.99
-69.908,-69.434,-36.535,-24.428
-28.429,-55.101,-38.217,-55.745
-40.367,-42.884,-48.627,-28.861
-62.119,-27.812,-37.166,-8.2469
-67.852,-56.557,-43.447,-48.205
-50.047,-45.173,-37.107,-39.154
-55.055,-38.918,-73.085,-10.211
-72.937,-40.174,-49.34,-10.588
-29.665,-70.733,-48.057,-56.092
-29.091,-25.73,-62.898,-62.487
-89.575,-35.09,-21.221,0.84666
-16.085,-45.316,-32.967,-33.084
-37.025,-42.298,-46.803,-67.608
-37.572,-29.883,-40.956,-30.987
-62.229,-53.272,-43.635,1.6221
-39.239,-52.801,-61.454,-42.424
-34.89,-30.514,-32.377,-39.558
-77.104,-47.943,-32.426,-14.991
-37.635,-62.277,-29.095,-40.666
-34.357,-34.27,-42.857,-58.63
-39.674,-40.911,-47.5,-40.581
-104.6,-30.277,-31.053,-4.097
-32.604,-40.791,-37.748,-53.467
-39.849,-24.78,-39.104,-33.833
-64.003,-26.115,-24.1,-27.477
-74.78,-42.757,-49.456,-10.514
-4.6772,-42.745,-44.301,-47.681
-63.761,-33.798,-54.482,-22.622
-75.752,-52.579,-48.239,-10.919
-27.265,-65.402,-51.691,-73.936
-26.862,-38.88,-47.252,-65.314
-70.197,-34.256,-65.695,-3.2992
-80.098,-33.843,-27.289,-1.0032
-29.943,-66.501,-47.617,-44.832
-53.032,-47.393,-32.769,-39.52
-64.354,-37.417,-35.899,1.132
-28.136,-58.242,-44.688,-39.342
-18.574,-42.975,-41.015,-71.106
-57.532,-44.659,-44.987,-16.004
-75.323,-33.033,-50.528,-5.0304
-11.711,-62.367,-53.676,-86.23
-44.471,-43.448,-56.498,-44.9
-73.794,-40.29,-43.477,-25.975
-45.962,-38.074,-38.526,-53.127
-25.447,-65.232,-40.566,-68.741
-64.035,-59.845,-61.15,-53.968
-61.485,-50.251,-26.269,-44.867
-28.046,-42.749,-39.142,-44.284
-39.383,-35.969,-51.758,-79.263
-68.23,-43.522,-38.587,-44.099
-49.31,-29.912,-49.182,-63.643
-36.119,-51.983,-66.076,-76.934
-38.361,-28.175,-35.416,-90.925
-57.001,-37.492,-42.3,-23.401
-23.292,-33.857,-32.735,-60.018
-52.441,-38.733,-42.597,-51.74
-59.271,-48.203,-45.771,-46.722
-72.943,-33.548,-33.958,-18.404
-26.219,-44.173,-51.219,-81.965
-36.695,-37.427,-53.688,-49.509
-66.714,-20.894,-42.876,-1.9426
-58.64,-38.262,-19.156,-34.612
-15.519,-57.751,-45.287,-57.75
-52.119,-27.491,-43.396,-26.247
-83.526,-20.111,-54.988,4.3125
-28.62,-63.703,-33.475,-37.831
-34.515,-37.711,-36.768,-46.093
-66.466,-36.624,-61.864,-13.885
-72.318,-38.332,-31.288,-17.595
-22.191,-44.456,-58.744,-48.214
-36.852,-22.532,-31.58,-43.228
-73.261,-22.892,-32.255,-3.5297
-18.915,-36.625,-32.054,-75.443
-45.934,-36.178,-45.743,-57.168
-36.994,-38.21,-46.701,-19.155
-61.744,-18.614,-29.767,1.5478
-19.859,-33.47,-29.697,-38.629
-50.902,-41.308,-37.989,-34.682
-60.367,-30.193,-55.295,-13.269
-72.56,-53.701,-30.534,-27.863
-37.727,-38.869,-35.102,-49.776
-44.358,-58.575,-57.577,-26.485
-123.88,-51.029,-42.127,4.4671
-15.231,-41.696,-48.858,-65.01
-42.721,-36.472,-44.06,-51.166
-65.312,-30.633,-45.287,-11.603
-69.073,-41.883,-22.402,0.29462
-47.342,-61.929,-77.723,-61.623
-21.345,-43.932,-40.747,-51.01
-68.79,-30.949,-38.328,3.6198
-45.472,-39.785,-40.391,-54.732
-36.284,-52.371,-42.205,-47.86
-67.367,-37.447,-24.337,-22.395
-82.622,-50.802,-53.029,-16.932
-20.215,-59.734,-58.504,-70.5
-52.366,-57.275,-44.536,-43.711
-54.519,-32.707,-47.727,-8.3389
-34.87,-37.376,-25.658,-18.736
-22.006,-59.854,-23.056,-44.023
-52.615,-49.852,-54.636,-25.724
-82.628,-45.051,-35.622,0.36084
-22.818,-43.406,-48.635,-60.933
-37.732,-36.962,-45.467,-50.974
-51.688,-49.273,-44.535,-20.181
-74.153,-24.775,-46.175,-19.76
-33.053,-67.642,-61.543,-57.519
-31.155,-27.274,-39.47,-28.914
-59.047,-46.027,-27.191,-1.0892
-32.569,-44.603,-32.472,-40.746
-42.879,-42.535,-40.035,-57.282
-76.741,-35.914,-36.801,-24.866
-56.928,-37.11,-24.788,-23.926
-40.287,-53.285,-56.595,-47.703
-47.613,-54.305,-46.713,-49.134
-70.114,-42.537,-50.453,-4.3845
-35.414,-31.708,-28.63,-42.678
-28.143,-45.669,-45.287,-37.861
-27.954,-29.759,-29.438,-36.701
-87.81,-32.576,-51.857,-8.5912
-43.665,-67.669,-34.651,-50.186
-38.849,-41.847,-48.228,-71.598
-64.643,-38.237,-30.001,-21.231
-68.566,-34.419,-23.525,-48.388
-37.134,-54.954,-45.019,-88.081
-57.054,-35.158,-34.704,-53.522
-76.243,-36.81,-55.188,-20.303
-33.015,-58.279,-58.685,-97.301
-67.189,-34.225,-40.429,-80.794
-42.848,-21.596,-45.646,-32.702
-63.538,-48.805,-3.5593,-4.0225
-34.671,-48.439,-34.041,-59.701
-29.55,-46.649,-42.62,-43.791
-77.76,-47.839,-62.364,-17.311
-65.009,-65.655,-29.104,-27.195
-23.246,-59.076,-40.16,-50.367
-50.841,-34.422,-63.715,-29.233
-88.796,-29.611,-32.364,-13.081
-34.385,-43.305,-35.61,-43.842
-35.717,-35.24,-51.517,-63.307
-62.408,-23.871,-51.565,-13.369
-86.272,-39.888,-17.98,-7.8914
-45.905,-36.369,-38.556,-39.397
-40.791,-45.317,-35.788,-39.226
-65.956,-30.185,-19.826,-6.285
-37.831,-38.414,-33.48,-26.638
-27.111,-41.292,-61.538,-63.877
-33.298,-35.224,-37.909,-32.263
-85.712,-28.842,-49.182,-14.464
-31.36,-52.033,-70.318,-60.398
-43.782,-45.691,-37.972,-67.205
-54.487,-29.16,-36.076,-15.904
-57.629,-39.071,-23.735,-27.752
-26.788,-57.116,-44.078,-35.399
-34.063,-37.954,-53.288,-35.099
-55.199,-33.176,-19.952,-6.1363
-52.448,-27.135,-38.487,-42.174
-46.758,-25.139,-32.776,-42.448
-50.185,-53.906,-48.208,-31.198
-76.588,-62.321,-16.081,-15.794
-41.53,-46.762,-43.509,-40.714
-30.936,-27.122,-32.893,-41.607
-46.172,-50.803,-50.511,-4.4501
-57.11,-33.498,-26.693,-29.878
-40.745,-48.877,-56.2,-51.013
-61.912,-42.222,-40.445,-26.821
-53.1,-27.917,-31.067,-12.638
-38.528,-34.155,-53.234,-50.616
-44.279,-69.784,-67.97,-65.406
-77.831,-29.973,-28.215,-22.519
-85.212,-32.013,-50.171,-36.761
-33.094,-57.508,-33.875,-52.254
-38.145,-29.083,-34.054,-36.769
-100.04,-30.282,-37.243,-0.27454
-49.603,-58.814,-43.361,-29.861
-36.421,-37.985,-36.649,-59.993
-69.057,-26.783,-51.506,-38.396
-45.95,-29.316,-37.202,-18.078
-46.628,-32.467,-45.916,-56.331
-42.737,-37.143,-49.248,-56.14
-86.121,-39.389,-30.896,-2.2853
-46.745,-35.847,-41.371,-48.686
-32.579,-37.496,-42.014,-62.077
-33.529,-30.68,-47.214,-26.557
-60.22,-37.889,-31.206,-12.571
-41.041,-52.708,-34.567,-56.674
-31.72,-34.091,-41.072,-79.516
-78.042,-21.938,-38.055,-20.433
-48.362,-42.106,-30.076,-51.508
-27.25,-60.775,-37.575,-56.217
-56.906,-39.01,-49.055,-65.842
-96.952,-28.99,-46.403,-28.611
-25.59,-35.389,-41.416,-64.452
-44.262,-48.098,-56.012,-69.085
-69.509,-30.109,-37.731,-63.722
-68.821,-47.735,-29.095,-85.037
-38.917,-47.623,-44.311,-81.248
-47.354,-46.586,-44.634,-66.661
-80.65,-19.334,-26.002,-36.74
-48.062,-35.888,-41.131,-55.995
-44.512,-53.837,-62.685,-64.835
-53.37,-36.576,-42.1,-56.31
-61.123,-33.61,-43.213,-30.62
-29.824,-45.822,-47.206,-55.038
-44.113,-42.841,-49.49,-51.553
-77.995,-18.191,-34.478,-8.0891
-31.491,-50.878,-32.757,-19.144
-29.713,-52.842,-37.286,-49.331
-43.11,-42.898,-34.908,-41.672
-73.345,-29.07,-48.105,-9.7157
-35.405,-41.834,-55.783,-45.665
-34.133,-42.406,-32.724,-36.168
-43.998,-26.862,-47.899,-8.1962
-44.478,-37.499,-44.534,-47.336
-41.047,-38.717,-61.819,-47.301
-39.338,-22.906,-31.202,-37.87
-50.62,-41.158,-47.278,1.4173
-30.149,-46.884,-32.883,-37.593
-41.113,-50.689,-37.001,-44.658
-61.945,-28.839,-28.841,-15.858
-45.894,-37.196,-49.075,-21.289
-52.027,-30.243,-59.951,-71.531
-73.016,-62.972,-52.343,-3.4718
-50.653,-32.35,-50.322,-17.999
-32.733,-59.987,-38.571,-66.718
-31.552,-56.295,-53.621,-46.788
-66.575,-13.832,-26.968,-11.806
-55.297,-40.849,-42.843,-12.246
-19.278,-44.506,-35.12,-47.555
-56.687,-61.887,-39.55,-40.56
-83.686,-30.481,-30.134,-14.007
-31.865,-78.039,-38.601,-27.131
-24.558,-46.698,-51.534,-51.625
-59.94,-26.22,-47.961,-25.572
-79.629,-60.335,-32.555,-7.5515
-28.765,-43.463,-53.908,-73.665
-61.62,-36.379,-39.238,-50.12
-43.119,-21.63,-36.119,-17.873
-50.801,-71.312,-44.973,-25.512
-24.302,-60.909,-38.826,-26.705
-50.825,-34.261,-51.771,-31.267
-60.015,-32.346,-46.632,-6.8909
-39.49,-63.235,-59.708,-63.473
-40.396,-57.109,-65.174,-47.85
-72.738,-32.127,-31.89,-30.331
-76.876,-28.728,-44.579,-21.766
-30.727,-48.811,-45.237,-66.852
-37.001,-29.213,-38.418,-34.744
-89.603,-51.968,-38.33,-2.2611
-55.809,-40.957,-38.342,-23.321
-44.766,-39.156,-44.56,-41.821
-40.022,-46.234,-53.992,-20.148
-79.55,-35.376,-13.569,-2.1234
-32.157,-44.186,-59.796,-67.476
-46.539,-55.082,-35.223,-35.646
-60.469,-29.468,-58.144,-18.265
-56.822,-51.122,-58.905,-58.785
-16.108,-68.855,-38.081,-64.684
-70.975,-37.378,-40.132,-26.014
-69.719,-35.128,-40.857,-25.3
-32.692,-53.64,-40.089,-56.512
-35.779,-68.063,-48.153,-49.106
-54.421,-22.376,-48.686,-38.698
-35.784,-40.327,-51.218,-44.718
-37.758,-40.019,-34.458,-68.064
-44.345,-27.134,-31.195,-36.718
-69.194,-36.108,-48.365,-44.205
-24.949,-52.362,-36.598,-79.728
-33.131,-50.457,-40.305,-69.141
-78.208,-22.644,-30.131,-54.32
-43.603,-38.185,-34.855,-52.823
-32.635,-40.734,-35.813,-61.084
-58.029,-34.812,-37.749,-61.42
-62.735,-19.483,-42.069,-14.644
-44.673,-44.221,-32.175,-34.261
-21.725,-41.16,-45.28,-70.583
-71.116,-56.158,-45.922,-42.882
-86.321,-40.497,-47.027,-11.922
-21.952,-58.914,-66.62,-58.59
-62.971,-69.048,-46.964,-44.861
-60.736,-14.298,-33.437,-15.532
-61.87,-27.415,-20.029,-30.939
-26.289,-64.415,-49.852,-38.508
-65.882,-56.708,-41.938,-30.528
-70.748,-28.721,-32.538,0.95677
-33.474,-46.476,-46.704,-38.741
-44.185,-47.386,-47.69,-46.948
-90.889,-19.174,-28.054,-9.421
-60.681,-24.111,-35.948,-12.03
-22.338,-30.666,-54.173,-62.2
-42.77,-39.754,-51.948,-49.907
-53.622,-21.497,-26.944,-15.7
-22.734,-39.813,-34.737,-39.048
-29.729,-39.827,-43.68,-48.484
-75.428,-48.467,-40.4,-16.011
-76.427,-36.11,-36.837,-29.698
-21.758,-72.355,-62.818,-67.734
-41.762,-64.593,-50.062,-33.621
-61.658,-36.607,-48.942,-4.5179
-67.583,-24.032,-26.231,-36.636
-34.169,-48.673,-48.469,-69.675
-31.246,-54.785,-55.025,-28.914
-52.089,-25.82,-43.303,-6.3007
-49.903,-77.502,-71.313,-57.681
-55.959,-45.521,-63.664,-51.002
-61.915,-38.692,-48.335,-8.9882
-52.078,-37.962,-42.087,-22.487
-45.969,-65.471,-44.192,-85.377
-44.556,-59.573,-55.587,-23.207
-54.532,-34.3,-42.401,-11.317
-46.722,-56.183,-51.738,-59.321
-48.898,-77.612,-56.2,-61.28
-47.576,-39.511,-54.366,-26.649
-34.513,-24.766,-25.082,-18.566
-38.422,-55.885,-38.866,-34.957
-40.24,-72.696,-47.813,-44.933
-46.5,-24.969,-20.019,-21.189
-25.826,-48.557,-43.482,-37.731
-38.977,-43.043,-44.803,-61.221
-55.743,-22.463,-48.929,-20.911
-88.071,-31.525,-36.103,-17.047
-16.638,-38.029,-34.669,-50.621
-28.864,-49.555,-39.77,-27.489
-49.988,-27.581,-48.02,-26.179
-63.105,-30.454,-29.504,-20.045
-27.141,-50.581,-41.651,-45.562
-46.832,-54.969,-41.894,-51.924
-46.848,-20.765,-48.93,-15.857
-43.462,-33.507,-36.268,-47.009
-42.105,-35.931,-47.351,-61.496
-73.048,-30.102,-49.107,-27.646
-66.816,-41.222,-18.568,-14.45
-16.096,-51.024,-54.043,-48.639
-61.274,-78.99,-36.762,-35.273
-62.219,-32.567,-41.169,-24.56
-71.023,-54.325,-23.776,-59.269
-28.551,-55.546,-54.625,-96.014
-69.253,-28.313,-43.164,-62.326
-46.334,-54.049,-48.642,-40.691
-30.03,-44.448,-41.697,-74.71
-29.786,-39.88,-45.089,-81.704
-84.815,-46.351,-22.721,-42.743
-61.767,-65.376,-51.828,-33.531
-35.304,-32.172,-38.848,-73.345
-63.904,-38.313,-47.2,-42.444
-68.422,-16.888,-29.252,-18.592
-34.935,-47.657,-40.367,-48.507
-33.66,-46.909,-42.306,-51.606
-57.492,-43.114,-43.024,-41.297
-59.407,-20.819,-42.519,-29.697
-26.756,-66.689,-50.05,-66.053
-48.734,-54.983,-56.403,-34.774
-83.988,-27.675,-36.715,-14.75
-21.682,-33.674,-16.506,-35.889
-45.704,-51.68,-49.446,-54.809
-37.648,-29.119,-47.323,-32.258
-66.808,-33.297,-63.173,-6.3357
-38.692,-57.108,-46.62,-47.082
-39.01,-62.267,-52.86,-40.897
-79.561,-19.276,-30.066,-4.4109
-53.535,-16.866,-41.668,-42.156
-17.707,-78.852,-38.78,-51.315
-56.452,-47.892,-54.649,-27.143
-60.616,-47.001,-38.466,-9.2218
-39.351,-49.13,-51.757,-75.456
-39.104,-54.723,-35.228,-48.46
-70.956,-39.808,-36.832,-32.982
-78.15,-35.891,-45.268,-18.19
-29.794,-62.271,-36.561,-30.745
-49.284,-59.982,-73.582,-47.748
-72.916,-15.454,-21.858,-7.0464
-25.75,-47.546,-23.887,-33.343
-41.303,-35.075,-52.765,-49.95
-46.952,-49.109,-51.883,-26.376
-88.942,-46.032,-36.315,-25.849
-29.455,-41.749,-52.672,-45.412
-20.262,-34.976,-37.301,-35.959
-65.156,-32.285,-45.701,-17.523
-66.64,-49.16,-34.679,-36.092
-36.081,-41.158,-43.726,-55.783
-60.525,-51.399,-50.343,-42.348
-60.905,-35.075,-40.015,-11.569
-41.914,-53.338,-65.037,-40.844
-38.36,-51.838,-49.98,-39.635
-76.87,-45.512,-45.477,4.7833
-64.806,-35.676,-80.067,-7.458
-14.928,-42.316,-50.974,-49.778
-58.695,-40.453,-46.93,-42.354
-74.302,-22.322,-27.597,-10.65
-44.505,-49.088,-46.415,-64.619
-24.048,-59.524,-27.342,-61.768
-57.988,-30.286,-48.112,-18.376
-47.689,-30.985,-34.614,-23.433
-30.241,-32.912,-51.594,-57.5
-60.792,-24.565,-42.117,-50.331
-82.31,-42.266,-55.508,-8.4332
-45.997,-38.426,-36.843,-32.877
-31.631,-45.303,-44.104,-61.181
-44.96,-45.983,-50.087,-25.351
-67.212,-13.9,-34.938,-23.303
-13.148,-22.689,-32.977,-47.951
-48.608,-40.727,-41.872,-65.365
-58.212,-29.946,-22.644,-36.934
-54.463,-18.175,-53.138,-37.667
-40.356,-70.625,-43.983,-54.678
-58.44,-39.007,-47.472,-66.556
-67.755,-29.632,-75.435,-68.091
-38.768,-26.715,-33.139,-60.613
-51.369,-71.781,-46.518,-66.131
-42.638,-35.286,-30.08,-44.844
-73.9,-34.097,-51.786,-93.661
-30.621,-74.317,-50.758,-56.07
-34.771,-51.552,-61.427,-98.106
-56.877,-35.563,-31.788,-87.644
-51.939,-55.904,-37.652,-71.85
-27.737,-52.685,-47.026,-126.79
-56.275,-56.302,-46.851,-48.679
-61.398,-35.793,-41.263,-47.418
-36.295,-53.92,-66.998,-61.299
-47.123,-58.76,-41.775,-42.434
-77.451,-22.97,-43.461,-21.283
-57.158,-31.756,-39.326,-49.346
-39.771,-35.369,-29.186,-55.009
-52.682,-44.64,-51.329,-37.132
-56.302,-25.812,-50.819,-18.119
-51.191,-73.056,-35.887,-32.498
-45.283,-41.091,-56.823,-47.454
-61.601,-21.433,-48.438,-18.22
-74.868,-42.42,-39.054,-11.153
-29.491,-44.161,-39.806,-62.66
-31.455,-42.334,-48.475,-40.65
-56.485,-26.692,-52.096,-9.4571
-42.717,-15.135,-41.091,-40.742
-46.072,-45.726,-41.816,-56.836
-50.688,-32.459,-47.102,-30.136
-75.023,-24.464,-54.371,-25.071
-72.352,-56.993,-36.669,-49.656
-50.433,-41.921,-60.927,-79.321
-65.001,-38.664,-28.227,-4.2871
-58.705,-25.817,-41.933,-14.294
-30.365,-97.86,-54.716,-53.621
-44.067,-35.549,-68.718,-41.665
-80.969,-33.294,-20.092,-4.4527
-48.979,-61.004,-42.494,-35.609
-33.099,-54.259,-51.372,-58.705
-57.495,-32.489,-37.152,-25.977
-44.733,-52.226,-33.861,-1.5209
-15.868,-54.339,-46.812,-55.577
-64.721,-19.278,-27.121,-30.292
-76.708,-40.083,-47.431,-7.8757
-30.45,-57.908,-16.776,-39.507
-28.73,-40.141,-53.405,-60.302
-62.275,-34.37,-48.503,-48.555
-86.345,-35.807,-23.217,-3.5096
-25.922,-40.539,-38.13,-32.354
-31.087,-36.715,-28.555,-55.7
-44.554,-24.016,-36.37,-25.099
-45.881,-35.515,-54.569,-23.536
-4.0249,-72.296,-44.876,-44.568
-57.159,-32.519,-59.068,-16.302
-69.193,-31.283,-50.029,-7.2688
-27.762,-69.027,-29.507,-52.333
-32.815,-69.729,-56.222,-57.205
-63.489,-27.405,-46.498,-9.4494
-53.492,-40.188,-55.798,-8.2504
-13.65,-40.555,-38.516,-45.487
-53.114,-44.567,-52.236,-43.807
-64.749,-25.011,-36.856,-7.793
-36.672,-54.003,-37.716,-31.47
-14.533,-53.342,-35.864,-87.887
-87.656,-40.766,-46.131,-21.106
-108.25,-22.024,-46.466,-14.387
-5.3806,-59.375,-46.333,-76.281
-44.507,-67.754,-46.422,-55.514
-80.542,-44.679,-54.423,-19.736
-40.887,-41.849,-35.571,-42.752
-31.324,-59.274,-32.207,-68.292
-32.999,-59.561,-40.977,-55.965
-48.405,-36.376,-36.013,-48.236
-31.406,-53.215,-34.336,-56.183
-37.976,-32.889,-48.892,-80.167
-53.608,-35.001,-31.231,-35.186
-56.26,-33.722,-35.064,-76.226
-29.835,-39.216,-59.911,-65.855
-48.132,-46.195,-33.313,-63.238
-56.746,-41.883,-60.584,-42.129
-39.34,-58.505,-22.964,-54.634
-56.135,-32.156,-48.835,-41.9
-62.691,-35.09,-44.411,-46.058
-83.058,-38.186,-59.43,-19.242
-35.566,-56.694,-46.714,-68.984
-44.684,-47.938,-54.139,-57.02
-60.864,-33.776,-31.427,-6.4961
-49.947,-38.454,-50.388,-20.646
-30.569,-60.417,-38.797,-57.873
-59.382,-21.639,-47.871,-29.706
-64.104,-29.286,-26.792,-4.3453
-8.0218,-47.686,-36.3,-51.072
-35.068,-58.015,-33.529,-52.987
-66.709,-45.046,-43.694,-19.194
-53.344,-17.409,-39.831,-9.7736
-22.542,-51.514,-49.182,-75.277
-50.42,-33.487,-34.711,-35.379
-77.289,-27.995,-31.548,-4.5251
-13.263,-47.339,-16.374,-60.264
-46.46,-41.977,-50.581,-41.555
-47.569,-29.404,-66.956,-34.813
-61.156,-17.016,-24.052,-14.091
-22.981,-38.436,-26.67,-31.543
-61.323,-53.347,-43.627,-46.343
-64.078,-37.038,-40.123,-12.765
-34.918,-47.073,-37.28,-17.274
-9.0668,-76.852,-36.367,-49.134
-69.567,-36.501,-50.336,-19.294
-93.283,-37.496,-38.506,4.957
-35.524,-43.628,-38.88,-42.807
-44.791,-55.3,-45.104,-50.365
-40.174,-32.779,-42.407,-11.132
-78.418,-36.603,-46.213,-0.46972
-31.129,-52.066,-67.796,-62.164
-57.64,-37.731,-40.921,-56.177
-72.167,-30.276,-38.796,0.93697
-31.758,-36.125,-33.14,-39.42
-17.67,-58.449,-52.791,-50.763
-60.832,-43.951,-34.511,-3.7009
-72.725,-53.148,-54.813,-23.855
-13.632,-48.272,-41.129,-75.75
-44.76,-52.613,-43.649,-59.974
-55.791,-43.286,-56.212,-9.9876
-58.492,-48.817,-31.182,-36.314
-25.369,-49.113,-35.228,-47.375
-35.228,-60.505,-56.337,-35.41
-64.726,-24.074,-32.001,-2.3549
-48.833,-38.772,-47.488,-47.852
-34.392,-55.955,-39.307,-51.78
-48.592,-41.038,-33.383,-26.184
-40.915,-28.091,-38.625,-22.18
-37.653,-34.385,-56.906,-54.804
-36.097,-36.587,-41.541,-34.021
-63.242,-29.334,-54.473,-4.548
-42.219,-57.795,-31.604,-60.2
-36.551,-54.075,-49.624,-60.625
-61.742,-35.835,-56.003,-28.732
-71.97,-21.641,-38.569,-13.194
-44.644,-63.216,-59.91,-52.492
-53.826,-62.979,-55.47,-28.728
-79.449,-28.241,-63.723,-7.0092
-44.456,-41.458,-14.513,-19.128
-42.614,-54.733,-53.187,-50.01
-45.149,-43.953,-48.165,-36.987
-77.657,-18.862,-30.505,-19.485
-25.82,-44.042,-43.115,-40.001
-33.763,-47.04,-45.152,-73.074
-68.458,-31.314,-27.532,-37.182
-49.309,-39.663,-46.028,-77.349
-39.861,-42.987,-43.24,-79.565
-58.073,-32.227,-26.784,-70.578
-49.225,-15.407,-36.124,-28.261
-29.808,-74.385,-32.669,-59.875
-38.484,-47.513,-62.923,-52.138
-68.908,-24.308,-41.892,-20.766
-46.907,-25.274,-42.999,-15.879
-15.124,-42.146,-31.163,-54.436
-50.793,-38.166,-51.785,-47.01
-67.564,-31.331,-38.278,-23.854
-34.465,-52.369,-50.447,-32.152
-18.838,-71.959,-35.986,-63.952
-62.478,-28.991,-49.415,-20.533
-65.692,-43.469,-54.834,-1.7125
-16.785,-32.223,-52.083,-61.258
-33.193,-62.435,-46.494,-56.704
-89.98,-30.9,-50.603,0.37683
-63.132,-52.089,-8.4877,-9.7361
-22.999,-71.54,-67.489,-45.642
-57.127,-54.241,-44.876,-40.388
-55.739,-24.024,-21.455,4.5106
-21.93,-36.606,-39.251,-43.632
-17.998,-51.62,-45.697,-50.637
-70.402,-23.585,-27.812,-9.204
-59.123,-47.746,-50.669,-27.479
-13.297,-52.932,-68.08,-75.308
-52.756,-52.922,-47.446,-42.55
-60.441,-31.792,-44.076,-3.5242
-40.143,-81.187,-31.674,-34.811
-27.143,-52.721,-35.725,-54.468
-39.729,-57.078,-60.97,-23.178
-59.738,-13.354,-46.156,-16.352
-17.895,-30.273,-28.915,-57.074
-43.925,-28.98,-55.037,-51.979
-58.612,-76.266,-67.73,-11.36
-68.088,-20.786,-38.497,-41.775
-20.254,-45.403,-56.861,-59.675
-36.46,-26.77,-44.554,-21.934
-78.396,-19.235,-43.826,-2.2394
-17.145,-51.019,-34.008,-26.704
-27.837,-54.914,-52.04,-57.357
-83.203,-32.522,-45.669,-8.6019
-42.97,-43.541,-28.563,-16.703
-32.734,-31.552,-73.111,-61.705
-55.405,-49.555,-30.594,-63.232
-62.7,-43.207,-56.543,-10.952
-19.686,-32.345,-19.98,-40.722
-42.455,-59.496,-42.798,-64.869
-74.585,-23.624,-38.637,-19.797
-83.103,-21.379,-19.097,5.0484
-17.241,-67.967,-49.31,-40.704
-41.704,-39.335,-42.271,-54.681
-66.858,-29.129,-59.26,-10.18
-29.215,-47.05,-25.721,-22.05
-30.258,-49.641,-46.213,-76.082
-67.677,-32.001,-33.7,-32.111
-77.446,-44.043,-44.175,-11.293
-1.6124,-40.496,-43.63,-70.807
-36.52,-36.189,-40.709,-45.863
-66.671,-28.406,-60.852,-9.4677
-35.614,-21.785,-29.511,-28.547
-18.346,-49.743,-36.585,-72.793
-43.454,-41.937,-37.487,-52.437
-55.39,-22.551,-57.305,-14.994
-24.777,-60.612,-37.071,-68.682
-17.082,-73.469,-40.359,-79.635
-37.524,-40.23,-56.161,-60.836
-87.435,-42.037,-41.937,-30.696
-32.833,-63.402,-65.334,-59.538
-39.381,-31.451,-45.965,-53.511
-76.671,-25.491,-39.568,-41.052
-55.448,-50.103,-17.516,-93.273
-65.928,-45.461,-56.215,-105.41
-58.732,-57.646,-56.619,-83.504
-65.942,-27.176,-35.466,-29.089
-24.054,-46.974,-40.314,-76.246
-30.424,-39.609,-46.197,-80.829
-50.196,-46.997,-32.806,-43.937
-78.667,-38.984,-41.878,-42.801
-25.008,-68.389,-72.651,-41.277
-48.501,-50.179,-29.409,-48.674
-75.981,-25.906,-55.151,-12.987
-42.648,-58.02,-23.841,-53.381
-23.284,-57.212,-38.752,-58.451
-44.442,-28.224,-25.288,-37.562
-58.084,-33.306,-21.148,0.098837
-28.399,-46.813,-50.209,-61.203
-29.36,-42.23,-43.618,-41.698
-58.534,-32.431,-47.877,-15.143
-37.504,-53.59,-27.08,-46.196
-21.356,-39.309,-39.124,-39.532
-42.264,-34.57,-45.499,-41.79
-88.946,-32.418,-40.941,3.1764
-12.552,-58.952,-40.639,-39.594
-44.448,-41.971,-53.751,-53.537
-54.92,-25.752,-34.758,-13.092
-64.632,-43.362,-36.608,-8.5866
-47.045,-32.768,-40.854,-81.581
-64.004,-74.059,-51.409,-25.795
-68.402,-39.913,-45.241,-9.5571
-43.024,-57.055,-40.174,-48.973
-28.384,-44.276,-53.519,-49.899
-42.145,-29.526,-38.857,-34.324
-75.048,-57.842,-34.469,-0.94383
-32.66,-46.224,-62.384,-47.262
-39.579,-51.27,-39.005,-51.46
-44.819,-30.081,-47.584,-11.185
-55.971,-43.994,-23.33,-2.6717
-13.304,-53.117,-45.338,-49.735
-44.816,-51.117,-45.823,-66.466
-96.888,-51.558,-30.651,7.4639
-35.402,-27.042,-45.938,-51.617
-37.609,-44.711,-70.45,-71.651
-42.819,-32.357,-33.555,-21.144
-60.814,-66.01,-33.428,-6.6337
-44.467,-54.366,-45.711,-50.428
-37.683,-35.01,-38.989,-33.642
-55.151,-24.016,-31.543,-7.7332
-46.757,-55.752,-31.778,-30.812
-16.312,-74.609,-59.07,-54.424
-69.139,-42.457,-46.087,-23.148
-95.212,-26.534,-47.436,-4.4139
-15.065,-63.244,-33.576,-56.729
-24.338,-36.013,-66.259,-55.513
-74.865,-12.105,-37.415,-13.136
-66.766,-39.442,-37.351,-7.7477
-24.504,-42.726,-27.134,-57.309
-43.56,-54.856,-53.862,-39.759
-67.799,-15.644,-31.611,4.8551
-55.825,-60.339,-29.678,-32.903
-32.355,-47.356,-50.988,-68.229
-49.004,-34.187,-48.598,-31.883
-90.543,-55.707,-27.332,-26.45
-23.349,-58.379,-56.542,-76.088
-43.318,-41.888,-60.645,-45.295
-98.495,-30.982,-36.755,-16.063
-51.579,-55.98,-41.115,-35.234
-42.669,-54.709,-51.79,-72.9
-42.673,-41.549,-56.856,-66.192
-105.6,-44.73,-15.294,-10.322
-51.894,-30.885,-41.646,-51.965
-19.292,-26.28,-25.838,-73.799
-47.551,-47.605,-46.237,-42.759
-67.403,-42.868,-23.311,-66.025
-19.871,-56.677,-38.413,-69.436
-25.683,-30.39,-27.228,-73.318
-87.806,-46.822,-45.535,-16.147
-48.937,-49.571,-47.602,-58.487
-32.448,-59.751,-52.333,-70.102
-54.492,-23.421,-31.635,-33.041
-85.061,-48.776,-18.195,-7.7907
-28.264,-40.009,-63.76,-89.959
-45.957,-47.26,-62.212,-65.414
-77.006,-35.411,-46.075,-18.964
-84.846,-56.006,-34.465,-30.41
-42.215,-56.654,-52.356,-48.048
-45.081,-24.518,-28.517,-30.081
-102.51,-27.801,-37.172,-0.41856
-39.54,-47.827,-50.249,-41.217
-16.844,-38.254,-43.024,-51.805
-62.558,-18.737,-32.985,-13.934
-68.87,-38.414,-29.31,-13.342
-30.03,-42.923,-58.986,-51.035
-24.831,-30.991,-62.093,-40.803
-93.833,-35.369,-26.797,3.4497
-27.955,-31.845,-50.05,-52.884
-44.082,-40.708,-56.807,-66.205
-34.811,-17.971,-35.317,-33.201
-73.077,-71.41,-29.766,-9.8274
-21.8,-34.195,-37.464,-47.711
-52.052,-52.56,-44.651,-38.826
-50.494,-38.958,-40.475,-43.512
-53.571,-51.551,-30.014,-25.241
-31.097,-67.801,-53.824,-55.047
-31.928,-44.262,-34.433,-48.056
-86.46,-37.274,-47.958,-10.832
-36.229,-43.184,-37.178,-58.554
-32.281,-60.083,-36.424,-52.332
-41.772,-41.654,-31.363,-29.51
-82.437,-61.107,-29.848,-8.7731
-37.188,-39.105,-42.587,-58.72
-29.108,-32.111,-56.08,-35.172
-85.343,-59.035,-28.197,-21.611
-53.086,-38.179,-27.824,-31.1
-12.639,-66.5,-46.472,-91.967
-51.374,-48.299,-42.418,-30.503
-54.317,-40.872,-47.882,-31.604
-24.58,-57.916,-50.162,-61.116
-35.277,-53.888,-36.13,-51.006
-53.015,-20.788,-37.92,-21.001
-66.074,-78.616,-36.007,-20.945
-29.71,-49.85,-57.2,-66.073
-43.746,-29.486,-33.14,-29.046
-78.122,-43.663,-42.105,-11.203
-39.514,-49.114,-44.788,-50.81
-45.326,-22.449,-31.583,-47.79
-33.699,-27.945,-38.956,-15.926
-38.498,-53.088,-40.376,-33.618
-31.949,-56.264,-36.071,-32.045
-35.114,-27.757,-53.057,-35.92
-49.634,-31.992,-21,-3.5423
-57.924,-43.82,-29.023,-34.344
-44.451,-45.818,-50.504,-62.908
-51.228,-23.399,-47.731,-21.999
-74.276,-61.121,-23.928,-13.038
-47.763,-50.423,-68.185,-71.785
-38.155,-38.984,-59.998,-52.066
-84.543,-36.847,-43.617,-8.0263
-32.155,-34.339,-33.74,-51.441
-49.709,-39.278,-35.465,-46.98
-39.072,-37.881,-52.858,-41.765
-101.27,-64.221,-31.176,-16.569
-19.884,-61.786,-48.716,-72.778
-36.525,-33.181,-37.281,-86.124
-57.072,-38.82,-24.501,-38.126
-49.549,-38.367,-18.548,-80.452
-19.486,-52.314,-48.283,-79.139
-43.232,-20.704,-38.896,-44.912
-69.306,-64.876,-36.956,-19.226
-14.558,-52.24,-36.113,-75.987
-44.226,-30.565,-48.24,-58.507
-75.972,-25.044,-44.884,-29.566
-71.961,-46.459,-40.445,-25.733
-22.409,-36.107,-35.828,-57.856
-66.59,-46.863,-41.439,-44.69
-61.87,-39.918,-41.3,-13.706
-21.517,-62.844,-53.542,-57.433
-30.651,-44.565,-54.39,-39.081
-70.722,-28.608,-35.643,-16.945
-75.667,-25.492,-44.453,-23.46
-43.467,-46.338,-53.525,-62.913
-35.031,-42.462,-55.285,-29.85
-59.656,-57.203,-32.915,-9.2531
-53.15,-59.619,-32.598,-23.815
-39.48,-52.627,-44.873,-48.222
-40.126,-30.688,-46.51,-13.264
-75.91,-29.981,-29.483,0.87792
-20.095,-45.685,-54.457,-62.261
-43.91,-58.991,-29.554,-35.3
-59.934,-46.779,-48.267,-16.741
-67.142,-70.099,-44.746,-48.179
-20.584,-44.892,-70.303,-56.769
-52.899,-38.963,-35.542,-34.321
-58.103,-29.153,-31.422,-20.119
-29.067,-48.765,-29.109,-26.875
-43.049,-73.828,-71.764,-53.416
-47.74,-38.9,-28.292,-25.453
-56.973,-43.201,-32.454,-22.343
-24.106,-30.741,-50.515,-59.966
-47.382,-53.606,-45.722,-37.91
-79.222,-56.185,-21.195,-28.389
-37.104,-54.261,-32.983,-38.564
-22.399,-37.427,-46.486,-54.569
-73.182,-34.757,-46.551,-26.157
-46.16,-43.998,-33.953,-17.648
-28.778,-49.126,-24.66,-60.818
-42.166,-58.152,-59.441,-47.965
-65.829,-24.908,-33.926,-18.325
-36.867,-51.27,-33.821,-36.822
-33.195,-32.955,-79.917,-43.659
-64.82,-16.948,-39.003,-18.614
-61.199,-42.258,-29.529,-6.9438
-10.421,-40.99,-74.821,-58.652
-56.254,-34.667,-30.335,-59.954
-60.928,-35.724,-23.442,-9.9143
-75.448,-26.219,-27.645,-15.301
-40.892,-56.276,-33.085,-60.255
-28.035,-25.273,-49.377,-45.769
-64.602,-38.81,-20.25,-27.666
-43.053,-47.325,-35.731,-30.637
-38.073,-44.975,-58.987,-48.414
-70.748,-36.184,-42.049,-23.574
-53.803,-32.139,-47.483,-22.742
-25.911,-34.212,-49.506,-62.149
-41.704,-35.09,-49.733,-44.512
-66.433,-23.612,-34.249,-29.867
-49.277,-49.719,-34.335,-23.251
-33.257,-42.733,-48.009,-81.551
-39.842,-31.886,-20.746,-53.964
-66.218,-39.277,-25.482,-19.493
-35.641,-41.089,-44.15,-60.877
-46.244,-47.815,-35.733,-51.617
-51.036,-29.581,-71.091,-69.779
-31.054,-24.612,-14.323,-52.605
-28.117,-58.354,-56.569,-58.961
-53.739,-40.649,-40.446,-61.277
-69.73,-56.637,-54.334,-76.001
-25.339,-36.435,-30.824,-91.706
-41.306,-49.82,-59.043,-58.767
-61.736,-38.908,-46.363,-57.42
-66.646,-46.674,-27.906,-51.383
-37.584,-56.494,-46.637,-120.74
-45.363,-50.493,-35.959,-35.167
-67.796,-32.297,-32.004,-41.93
-40.414,-39.336,-40.735,-78.454
-43.168,-51.801,-42.979,-51.244
-52.643,-35.358,-41.804,-48.367
-80.633,-28.275,-30.785,-36.751
-25.467,-60.428,-41.653,-44.026
-44.448,-56.099,-39.724,-40.496
-50.629,-40.048,-24.332,-35.48
-37.318,-49.676,-51.249,-28.349
-34.432,-63.927,-41.736,-45.206
-67.128,-37.219,-56.139,-33.632
-53.417,-43.068,-46.551,-4.682
-39.556,-68.889,-33.374,-44.845
-27.22,-44.408,-39.656,-53.667
-85.004,-30.667,-55.016,-24.649
-42.319,-33.103,-21.13,-6.7535
