-57.482,-52.998,-66.348,-74.49
-58.531,-33.072,-68.027,-60.681
-70.456,-45.522,-34.048,-51.734
-25.79,-40.083,-39.986,-47.609
-56,-43.176,-60.875,-62.053
-35.235,-29.493,-22.178,-17.939
-52.751,-42.684,-45.605,-71.064
-42.413,-19.855,-54.323,-46.323
-48.638,-67.952,-22.927,-22.614
-61.903,-58.598,-65.129,-96.29
-81.631,-28.772,-43.705,-40.851
-29.821,-63.1,-37.899,-62.218
-22.455,-39.519,-64.473,-56.65
-52.694,-61.056,-30.473,-18.047
-32.321,-72.835,-54.57,-69.325
-43.953,-45.666,-66.003,-61.083
-63.677,-36.785,-49.85,-22.738
-36.24,-69.701,-28.955,-47.905
-62.061,-52.853,-64.757,-48.813
-53.148,-48.236,-44.941,-31.817
-30.362,-81.645,-38.652,-57.144
-49.763,-29.096,-53.628,-46.726
-72.832,-52.618,-47.138,-21.169
-44.567,-80.472,-71.192,-67.794
-51.292,-15.612,-54.87,-23.819
-54.026,-37.564,-25.106,-13.053
-65.273,-47.656,-60.66,-69.151
-65.762,-49.35,-45.183,-50.09
-39.58,-73.205,-36.739,-53.118
-27.956,-64.962,-32.909,-79.258
-71.899,-48.88,-37.622,-31.501
-34.352,-54.501,-46.211,-59.831
-45.869,-36.988,-53.968,-77.433
-85.99,-26.883,-50.178,-20.546
-31.545,-53.635,-29.95,-35.039
-56.217,-51.652,-69.923,-57.034
-116.27,-41.376,-49.681,-16.242
-41.426,-67.232,-38.923,-54.875
-53.543,-70.842,-40.157,-47.723
-70.08,-57.479,-82.25,-20.028
-53.212,-80.787,-55.239,-88.204
-49.088,-44.928,-26.259,-40.912
-46.169,-30.988,-32.844,-15.534
-35.117,-41.478,-65.5,-72.159
-46.232,-40.42,-38.016,-29.392
-44.451,-43.868,-55.437,-39.38
-47.739,-64.301,-66.583,-48.026
-91.198,-35.297,-37.464,-37.655
-31.885,-33.377,-41.225,-38.032
-29.858,-69.873,-42.938,-66.185
-61.884,-32.268,-40.32,-26.176
-37.582,-43.2,-61.141,-46.147
-41.007,-67.134,-46.208,-70.801
-78.309,-47.702,-59.46,-28.876
-43.405,-53.316,-53.234,-56.47
-52.607,-49.653,-41.854,-64.633
-58.203,-41.939,-74.434,-19.812
-42.115,-50.417,-44.56,-77.867
-52.601,-68.991,-43.666,-43.708
-44.038,-24.745,-40.156,-19.066
-46.26,-46.211,-44.036,-65.109
-64.934,-39.569,-58.338,-61.334
-66.885,-31.884,-45.671,-37.294
-40.386,-69.137,-49.815,-107.76
-55.038,-40.814,-43.629,-56.167
-55.381,-45.883,-61.065,-34.844
-31.142,-65.898,-42.779,-65.688
-79.069,-50.823,-58.206,-52.5
-46.527,-46.017,-54.432,-76.635
-54.435,-92.357,-42.763,-50.93
-77.587,-32.791,-98.361,-21.012
-46.164,-52.991,-49.175,-50.826
-42.833,-55.927,-51.35,-70.327
-77.83,-33.285,-44.756,-8.6749
-44.324,-37.249,-41.51,-39.848
-42.326,-68.978,-55.788,-69.338
-62.816,-44.449,-52.776,-29.814
-36.829,-61.287,-46.504,-49.09
-90.857,-72.442,-66.837,-47.971
-87.372,-47.342,-43.308,-42.921
-25.324,-41.37,-48.999,-55.832
-64.787,-51.37,-46.421,-54.497
-60.551,-39.124,-41.867,-29.539
-29.736,-46.141,-66.192,-84.925
-36.184,-51.802,-32.752,-38.914
-54.604,-60.327,-43.89,-12.573
-34.325,-58.319,-51.724,-59.506
-62.357,-49.569,-66.19,-48.645
-73.141,-33.994,-38.996,-40.107
-39.776,-51.049,-47.931,-79.77
-68.171,-72.027,-61.057,-8.7168
-53.494,-44.765,-37.448,-53.99
-45.897,-47.03,-55.465,-69.581
-52.807,-46.119,-46.629,-31.751
-36.41,-28.416,-37.63,-44.586
-63.245,-63.097,-52.86,-55.005
-62.418,-33.33,-18.57,-27.7
-28.553,-41.649,-35.439,-39.097
-46.919,-55.67,-51.399,-68.108
-90.839,-40.061,-51.298,-36.2
-43.251,-59.957,-56.438,-60.099
-38.745,-72.751,-47.1,-60.598
-49.838,-25.95,-23.35,-22.822
-28.552,-51.324,-44.074,-66.061
-58.483,-75.65,-51.198,-48.663
-60.461,-47.222,-30.388,-21.153
-31.241,-59.674,-58.491,-55.885
-52.335,-50.315,-61.775,-37.134
-95.975,-49.45,-48.848,-31.159
-27.986,-61.695,-45.685,-106.21
-61.64,-38.874,-30.587,-38.888
-57.956,-38.166,-41.447,-30.793
-40.05,-72.984,-47.792,-58.239
-71.424,-53.703,-41.997,-20.304
-40.301,-16.184,-45.334,-84.023
-48.172,-84.411,-43.899,-94.282
-60.725,-64.446,-33.975,-24.675
-50.045,-28.222,-65.982,-73.222
-51.674,-45.081,-30.43,-87.877
-86.277,-37.547,-51.942,-27.765
-61.051,-53.37,-51.749,-70.616
-64.519,-82.575,-39.682,-70.384
-47.79,-52.508,-64.324,-57.055
-51.364,-44.667,-37.366,-48.648
-39.238,-39.417,-52.462,-79.012
-59.852,-41.679,-71.526,-44.884
-44.355,-38.474,-51.093,-55.873
-49.561,-62.722,-25.277,-80.203
-62.729,-36.448,-43.822,-40.665
-31.432,-50.474,-51.397,-36.337
-40.28,-62.99,-53.349,-51.006
-60.48,-29.926,-58.972,-7.3139
-46.243,-53.503,-40.679,-67.257
-48.038,-66.032,-55.847,-58.684
-57.682,-36.107,-67.698,-27.113
-36.5,-56.105,-56.153,-84.013
-50.464,-34.201,-33.818,-28.589
-64.109,-42.853,-42.764,-25.011
-36.687,-77.612,-60.636,-56.669
-43.535,-33.054,-50.312,-28.641
-43.09,-45.479,-35.569,-24.409
-40.075,-92.915,-52.556,-68.453
-62.56,-27.966,-45.176,-23.106
-51.14,-33.679,-74.06,-74.38
-45.792,-82.83,-55.901,-54.109
-47.396,-19.615,-74.768,-35.175
-34.268,-49.059,-39.222,-53.35
-55.649,-72.752,-49.418,-62.342
-75.175,-39.616,-33.391,-13.931
-29.116,-39.561,-34.99,-60.546
-45.978,-68.13,-47.7,-45.23
-56.042,-45.916,-56.01,-7.0466
-35.717,-83.046,-52.85,-71.211
-53.951,-31.321,-50.72,-75.326
-43.998,-34.711,-17.081,-21.19
-67.241,-78.28,-50.871,-60.58
-53.517,-35.566,-59.176,-65.483
-53.575,-44.587,-48.75,-22.881
-44.954,-75.85,-61.234,-78.646
-37.091,-36.931,-61.996,-18.832
-84.991,-42.908,-25.453,-51.775
-50.294,-44.581,-62.859,-87.965
-37.718,-42.255,-62.157,-63.553
-85.322,-52.137,-76.992,-34.117
-51.032,-70.528,-52.184,-64.58
-53.802,-41.888,-33.198,-23.605
-95.401,-69.694,-46.41,-50.157
-61.276,-56.767,-59.97,-71.477
-59.304,-37.32,-44.139,-28.702
-35.17,-51.405,-67.557,-62.166
-38.128,-91.647,-33.811,-59.562
-66.591,-51.31,-36.272,-15.443
-40.968,-39.782,-46.15,-37.199
-32.544,-33.362,-60.07,-70.932
-60.982,-41.705,-55.847,-9.8736
-31.543,-62.231,-38.917,-63.586
-46.834,-86.485,-51.852,-77.013
-83.864,-28.068,-35.018,-11.659
-26.805,-55.334,-39.426,-70.398
-50.57,-37.147,-29.895,-62.006
-54.507,-37.32,-29.767,-54.624
-45.633,-71.707,-51.542,-67.439
-42.93,-39.085,-40.087,-49.51
-35.967,-38.761,-34.566,-80.931
-47.831,-52.701,-75.791,-77.259
-44.093,-36.501,-49.723,-45.717
-70.64,-69.905,-76.783,-40.11
-35.404,-60.651,-49.77,-58.913
-74.08,-43.42,-49.475,-38.294
-27.26,-51.054,-29.108,-30.127
-46.448,-68.963,-69.806,-55.825
-70.65,-32.509,-43.118,-27.976
-48.936,-44.597,-66.377,-68.844
-27.049,-72.531,-60.223,-60.557
-76.671,-25.591,-45.521,-16.822
-29.601,-66.001,-47.282,-70.723
-59.376,-71.658,-44.495,-73.221
-64.21,-39.157,-39.266,-15.271
-29.563,-59.122,-41.49,-46.875
-43.584,-76.717,-52.4,-59.368
-74.09,-48.749,-20.269,1.3388
-31.558,-72.853,-34.198,-71.277
-61.095,-64.908,-46.845,-51.497
-92.837,-57.22,-36.833,-27.887
-37.208,-59.046,-61.776,-98.126
-63.96,-39.637,-27.846,-35.406
-57.59,-46.393,-54.754,-29.911
-35.469,-73.095,-53.791,-68.676
-65.004,-57.309,-62.446,-29.858
-64.167,-40.471,-38.475,-38.314
-64,-73.36,-61.403,-61.881
-69.758,-38.711,-55.161,-39.43
-56.182,-36.881,-37.495,-70.995
-31.588,-65.124,-40.505,-69.799
-64.889,-41.196,-63.317,-30.516
-50,-38.426,-56.004,-42.935
-55.118,-49.904,-67.295,-50.557
-55.479,-29.821,-51.343,-21.151
-32.562,-52.336,-52.038,-59.468
-40.208,-73.064,-49.25,-75.696
-89.859,-24.216,-58.519,-1.4319
-17.435,-48.537,-39.197,-65.59
-70.425,-42.508,-41.872,-52.121
-64.96,-33.787,-34.921,-24.642
-29.26,-75.232,-55.56,-64.024
-37.405,-33.883,-43.671,-40.434
-65.896,-36.042,-38.205,-24.997
-67.524,-64.543,-69.515,-73.923
-36.155,-37.984,-33.663,-29.97
-39.093,-34.243,-18.159,-24.391
-24.958,-68.891,-45.269,-85.417
-67.3,-53.644,-41.64,-29.968
-52.306,-20.242,-54.981,-61.063
-57.529,-72.443,-71.704,-80.325
-47.873,-35.354,-43.274,-45.648
-59.893,-39.28,-58.475,-50.236
-42.246,-68.769,-38.754,-61.373
-74.438,-35.272,-59.631,-54.824
-42.294,-41.831,-29.473,-58.388
-56.986,-74.837,-69.052,-57.572
-41.088,-39.861,-40.065,-40.604
-41.904,-73.361,-31.639,-84.958
-43.405,-48.428,-63.936,-70.947
-53.208,-47.845,-38.761,-13.282
-28.012,-74.718,-40.351,-59.262
-62.595,-62.185,-66.797,-29.991
-52.691,-65.689,-49.744,-27.589
-40.745,-55.527,-44.824,-72.99
-44.367,-39.513,-60.75,-59.233
-65.202,-43.799,-33.609,-46.665
-33.263,-45.988,-68.284,-49.911
-68.757,-57.822,-45.159,-33.106
-71.545,-34.748,-60.15,-32.196
-69.28,-65.568,-75.586,-64.671
-63.081,-49.029,-51.417,-34.001
-40.77,-63.794,-62.908,-47.507
-46.553,-30.313,-51.44,-70.543
-53.507,-48.386,-57.097,-32.201
-25.762,-31.318,-43.86,-36.438
-72.277,-50.573,-75.648,-68.826
-70.399,-50.185,-54.041,-16.719
-28.623,-38.222,-34.599,-44.342
-28.6,-28.854,-41.144,-46.169
-79.757,-55.741,-46.984,-13.257
-31.473,-57.306,-47.864,-59.927
-58.937,-61.972,-43.565,-70.043
-49.687,-35.351,-35.808,-28.865
-39.325,-43.32,-70.135,-53.158
-50.829,-71.457,-55.963,-61.868
-57.153,-34.57,-30.508,-19.51
-42.942,-57.938,-56.608,-71.211
-51.341,-45.222,-31.291,-36.289
-50.652,-35.834,-50.581,-39.979
-35.127,-78.32,-54.874,-71.918
-60.657,-66.275,-59.368,-34.308
-66.942,-28.419,-52.123,-40.746
-48.411,-67.666,-49.381,-63.83
-69.228,-49.719,-57.062,-27.265
-53.51,-52.992,-42.944,-46.616
-46.827,-73.774,-62.334,-70.361
-82.075,-21.274,-48.199,-30.029
-56.096,-53.366,-61.287,-87.746
-56.64,-61.679,-64.139,-55.87
-68.679,-35.179,-38.987,-15.726
-55.948,-35.393,-83.556,-35.996
-47.56,-63.57,-61.102,-76.105
-74.61,-42.258,-42.588,-30.043
-28.942,-35.512,-38.958,-55.535
-49.157,-53.328,-55.666,-64.12
-76.194,-31.128,-37.934,-14.092
-21.851,-60.855,-46.288,-82.349
-52.386,-59.084,-72.885,-47.078
-52.859,-23.942,-30.374,-23.998
-22.155,-43.172,-47.471,-81.153
-64.75,-42.946,-61.039,-48.249
-60.098,-52.12,-33.353,-44.029
-39.509,-69.791,-51.404,-60.081
-48.818,-38.143,-45.416,-44.848
-38.045,-54.355,-85.34,-82.745
-30.649,-74.833,-31.778,-87.989
-59.371,-49.305,-47.478,-44.428
-40.549,-57.092,-69.106,-33.764
-55.559,-58.986,-71.531,-55.402
-37.761,-71.697,-52.315,-23.941
-52.67,-46.706,-51.47,-51.067
-36.625,-51.341,-63.402,-53.293
-89.05,-44.545,-51.071,-4.5603
-26.248,-43.304,-19.434,-48.389
-42.972,-55.338,-51.52,-66.353
-67.458,-24.824,-46.876,-11.289
-28.664,-46.012,-42.75,-46.563
-56.242,-82.501,-60.396,-45.484
-53.012,-29.466,-40.344,-37.195
-67.762,-81.191,-57.87,-61.718
-46.787,-51.717,-49.578,-40.987
-64.687,-35.849,-23.614,-8.8282
-46.706,-56.769,-50.617,-64.658
-48.925,-53.864,-52.507,-47.969
-85.093,-25.418,-33.807,-15.16
-40.254,-67.078,-50.051,-66.259
-76.315,-44.517,-59.687,-39.396
-38.052,-42.266,-42.932,-30.325
-51.72,-78.088,-35.774,-80.45
-58.037,-44.265,-28.05,-14.37
-55.432,-62.797,-38.858,-51.694
-52.908,-67.221,-59.399,-92.552
-56.498,-26.873,-58.99,-24.348
-61.659,-30.378,-60.863,-57.473
-46.676,-62.831,-59.991,-96.076
-66.679,-40.47,-61.877,-24.259
-39.956,-48.511,-36.898,-58.919
-65.38,-76.669,-63.768,-64.279
-90.335,-22.807,-42.391,-20.12
-21.554,-37.248,-38.492,-56.682
-46.204,-82.851,-59.805,-63.559
-62.888,-27.954,-65.843,-27.513
-25.177,-47.508,-41.432,-54.595
-56.401,-68.021,-66.518,-61.354
-55.846,-24.756,-52.957,-29.057
-47.674,-49.178,-53.561,-70.015
-48.493,-30.441,-51.451,-51.972
-45.768,-34.559,-45.427,-26.534
-52.077,-65.053,-68.166,-67.96
-52.314,-47.04,-39.932,-28.078
-67.649,-11.115,-38.671,-20.989
-27.682,-57.478,-41.417,-48.17
-82.594,-47.556,-68.209,-46.656
-56.976,-36.188,-47.685,-29.888
-40.519,-86.449,-62.465,-78.313
-65.911,-36.15,-46.715,-22.885
-29.815,-29.148,-26.147,-32.627
-35.695,-70.469,-42.327,-73.09
-46.34,-39.717,-67.269,-38.197
-39.936,-37.936,-40.094,-44.015
-38.92,-73.868,-66.354,-60.237
-67.118,-40.056,-45.395,-31.95
-41.862,-48.268,-51.507,-62.802
-37.478,-76.628,-48.299,-77.022
-72.497,-17.195,-45.273,-22.274
-14.884,-61.76,-44.796,-69.037
-36.649,-75.435,-70.508,-74.079
-56.849,-16.41,-20.007,-19.425
-31.038,-40.264,-30.441,-45.413
-60.539,-55.689,-60.381,-46.334
-59.112,-36.452,-69.191,-47.623
-52.791,-72.124,-57.25,-78.037
-48.487,-36.907,-49.458,-27.059
-57.023,-33.106,-42.967,-45.063
-48.36,-99.872,-78.92,-70.717
-63.253,-37.392,-47.022,-36.105
-76.749,-35.993,-52.809,-42.403
-48.066,-59.605,-64.559,-76.102
-75.038,-59.981,-70.894,-36.16
-60.968,-38.102,-13.255,-11.58
-34.344,-78.718,-67.06,-89.217
-66.362,-44.271,-54.407,-41.572
-43.955,-33.723,-62.74,-55.479
-63.115,-74.612,-52.029,-64.631
-63.999,-34.7,-38.941,-41.344
-36.944,-49.095,-27.907,-37.807
-46.348,-54.325,-59.823,-53.973
-48.432,-61.091,-26.232,-28.765
-54.005,-54.949,-32.645,-55.462
-53.362,-50.845,-50.631,-64.499
-61.302,-51.818,-60.143,-17.752
-41.468,-70.586,-57.11,-71.88
-43.861,-33.328,-29.793,-40.316
-34.44,-38.811,-35.914,-15.996
-48.965,-44.99,-58.756,-59.885
-56.868,-74.623,-54.68,-43.737
-71.054,-34.621,-62.665,-21.269
-41.709,-50.539,-43.584,-78.99
-69.231,-70.679,-40.199,-30.383
-54.761,-39.803,-24.129,-26.978
-29.399,-64.536,-47.683,-65.935
-47.921,-65.103,-30.825,-45.788
-84.212,-39.208,-49.247,-36.616
-42.006,-68.124,-56.623,-69.516
-76.66,-44.958,-59.134,-42.511
-47.496,-55.38,-39.239,-43.628
-46.47,-54.89,-56.411,-81.028
-47.25,-24.43,-67.364,-12.959
-34.093,-42.133,-36.242,-47.974
-39.716,-59.475,-58.742,-57.079
-50.517,-21.248,-44.09,-17.755
-47.116,-41.39,-52.109,-49.701
-58.379,-56.497,-55.757,-72.749
-88.065,-57.793,-52.751,-35.232
-57.167,-73.201,-58.52,-47.635
-45.606,-48.303,-38.387,-68.875
-66.51,-37.46,-47.034,-32.741
-31.956,-90.921,-60.605,-74.32
-54.83,-62.884,-46.73,-38.923
-54.47,-36.824,-38.259,-48.975
-37.09,-63.795,-57.948,-55.649
-60.326,-62.032,-84.167,-49.609
-73.24,-58.859,-35.406,-22.323
-35.557,-49.732,-76.108,-81.922
-45.215,-60.966,-45.364,-52.412
-60.932,-46.951,-46.382,-26.167
-49.175,-66.266,-64.419,-72.767
-73.151,-45.306,-39.201,-26.248
-59.111,-39.012,-65.851,-69.73
-43.995,-60.752,-64.369,-56.102
-55.556,-60.026,-43.328,-28.813
-32.174,-42.919,-41.723,-54.349
-44.778,-43.398,-55.991,-63.033
-48.489,-29.087,-57.919,-13.07
-41.913,-60.854,-55.175,-70.65
-46.073,-88.966,-52.208,-51.722
-55.476,-27.327,-44.638,-12.812
-44.26,-57.049,-46.169,-39.179
-63.426,-48.919,-75.042,-47.409
-58.075,-43.235,-45.106,-18.235
-31.799,-58.852,-50.09,-66.138
-36.3,-66.479,-52.037,-37.038
-71.036,-28.734,-55.977,-18.715
-32.038,-58.299,-35.478,-56.665
-45.764,-35.442,-32.195,-37.826
-55.588,-69.504,-49.5,-21.047
-45.024,-85.335,-56.067,-76.325
-52.981,-48.475,-39.209,-37.763
-49.21,-32.959,-35.818,-20.472
-54.18,-67.609,-47.372,-59.14
-59.823,-36.436,-60.839,-33.493
-49.703,-60.209,-41.213,-41.517
-31.501,-54.414,-46.937,-61.082
-56.34,-40.028,-22.853,-25.762
-44.255,-58.122,-42.62,-51.541
-58.258,-67.738,-62.826,-49.654
-42.126,-40.958,-29.113,-16.108
-55.542,-55.242,-55.336,-58.947
-52.611,-63.93,-52.324,-58.766
-73.75,-45.179,-48.65,-11.431
-27.942,-40.049,-27.262,-75.482
-59.799,-42.835,-54.989,-82.272
-59.995,-43.866,-54.404,-14.648
-29.212,-77.733,-41.119,-70.401
-37.427,-55.821,-68.044,-53.548
-49.983,-13.52,-31.903,-15.663
-37.276,-62.645,-35.658,-108.69
-64.576,-53.654,-82.146,-31.559
-54.471,-53.445,-43.198,-28.944
-41.218,-79.446,-61.345,-65.198
-31.541,-38.078,-45.13,-37.63
-53.226,-56.62,-32.039,-51.982
-56.377,-50.546,-50.449,-85.437
-43.061,-45.86,-27.322,-57.442
-40.24,-61.505,-27.961,-46.316
-60.162,-29.967,-74.796,-68.934
-37.798,-58.023,-49.3,-38.406
-46.691,-46.497,-21.855,-53.281
-33.587,-49.407,-32.175,-72.904
-59.631,-36.97,-49.254,-38.727
-45.552,-46.386,-44.417,-42.521
-64.539,-53.039,-39.721,-43.814
-46.725,-32.22,-62.193,-11.31
-36.865,-83.489,-57.736,-54.649
-43.428,-54.754,-58.067,-74.544
-81.166,-33.352,-44.451,-28.438
-26.504,-94.681,-51.333,-63.553
-36.253,-40.939,-56.371,-74.773
-74.144,-33.519,-41.231,-17.34
-40.39,-55.797,-54.11,-60.868
-35.076,-36.033,-41.407,-54.837
-58.523,-35.92,-39.137,-20.289
-66.095,-77.342,-51.394,-52.399
-34.059,-19.815,-71.574,-46.668
-36.61,-31.242,-44.911,-31.195
-65.392,-79.88,-50.031,-61.596
-55.15,-46.575,-48.602,-46.581
-72.135,-42.746,-36.768,-27.645
-57.232,-75.692,-56.475,-53.486
-47.526,-41.168,-59.798,-42.41
-69.221,-48.905,-33.975,-40.148
-40.119,-59.72,-39.85,-54.742
-72.542,-40.755,-51.43,-30.742
-38.144,-57.747,-39.724,-47.53
-52.082,-58.718,-51.993,-60.595
-69.777,-39.671,-57.538,-28.056
-46.862,-49.211,-50.408,-39.114
-32.665,-55.532,-84.849,-61.9
-60.365,-59.431,-45.227,-14.236
-56.499,-64.134,-48.686,-62.189
-53.926,-34.289,-65.881,-83.598
-81.964,-40.555,-33.322,-33.334
-55.213,-47.273,-54.274,-68.904
-54.248,-36.275,-47.715,-70.569
-98.859,-42.579,-66.633,-16.598
-58.447,-54.737,-40.13,-69.033
-59.501,-53.295,-74.253,-43.904
-62.649,-38.809,-47.657,-45.423
-58.63,-48.744,-56.058,-78.101
-59.96,-43.026,-53.191,-41.911
-55.571,-48.133,-38.249,-38.827
-33.632,-71.736,-30.146,-54.308
-40.385,-47.37,-63.029,-31.871
-48.213,-47.828,-24.907,-24.857
-60.296,-63.369,-84.439,-75.925
-75.956,-24.53,-51.407,-21.721
-70.431,-53.201,-50.971,-38.552
-16.641,-72.153,-75.891,-83.013
-79.421,-45.068,-41.277,-13.567
-35.756,-39.969,-35.914,-40.042
-36.641,-48.257,-54.299,-71.334
-68.685,-37.988,-48.794,-59.667
-54.04,-54.55,-40.3,-60.684
-50.973,-59.385,-53.494,-71.211
-59.297,-33.459,-60.355,-72.59
-63.354,-77.287,-49.954,-73.712
-43.807,-39.593,-53.235,-48.652
-74.657,-59.216,-37.505,-19.872
-34.854,-71.144,-64.767,-76.722
-48.523,-57.358,-53.501,-73.649
-61.208,-45.942,-36.37,-32.871
-30.304,-74.019,-70.155,-73.385
-52.099,-35.967,-42.68,-45.015
-95.726,-43.416,-52.395,-25.737
-41.89,-93.003,-56.544,-77.39
-73.886,-19.105,-83.732,-28.6
-56.615,-47.503,-39.651,-55.938
-27.933,-80.434,-52.221,-60.246
-62.08,-37.935,-43.709,-14.696
-43.318,-50.446,-32.744,-36.672
-40.564,-55.269,-45.286,-60.786
-77.689,-27.023,-39.08,-11.486
-47.586,-51.312,-48.925,-63.992
-60.544,-64.85,-56.784,-66.775
-97.704,-47.18,-47.848,-26.516
-39.879,-63.06,-55.982,-75.994
-50.752,-37.078,-41.559,-84.204
-60.475,-40.188,-38.523,-14.676
-60.401,-55.941,-55.586,-66.873
-48.736,-60.618,-49.297,-42.09
-44.989,-34.981,-30.2,-15.967
-57.776,-41.318,-55.26,-78.162
-64.394,-36.225,-79.296,-61.813
-37.933,-44.163,-18.847,-34.137
-48.783,-70.224,-47.988,-79.363
-48.993,-58.025,-64.104,-38.968
-70.028,-58.182,-47.927,-31.84
-40.307,-72.417,-39.635,-78.598
-59.327,-32.357,-46.273,-34.05
-51.234,-44.24,-46.179,-39.117
-21.021,-59.719,-57.489,-116.87
-60.466,-27.64,-42.06,-20.258
-31.698,-41.681,-30.089,-47.079
-39.676,-43.065,-41.294,-87.028
-57.235,-27.536,-35.37,-14.165
-32.846,-56.961,-46.254,-37.346
-35.367,-40.217,-34.664,-44.151
-60.969,-54.833,-44.317,-17.921
-46.376,-63.792,-64.05,-88.785
-35.637,-42.748,-39.355,-59.922
-98.411,-47.729,-53.941,-0.51232
-39.25,-81.921,-69.994,-98.536
-45.355,-47.425,-43.443,-57.886
-73.443,-36.764,-46.805,-24.694
-55.386,-61.461,-53.142,-63.317
-80.413,-58.957,-69.808,-40.616
-62.292,-56.921,-31.556,-60.612
-50.458,-80.151,-42.71,-91.919
-74.328,-43.809,-64.801,-34.95
-57.127,-46.23,-21.295,-61.371
-28.012,-81.194,-54.735,-77.088
-53.743,-30.808,-33.047,-19.358
-65.394,-43.519,-37.996,-83.808
-39.391,-68.049,-67.286,-73.94
-62.831,-56.553,-39.645,-12.664
-37.281,-69.955,-32.305,-53.171
-51.456,-83.262,-69.78,-38.217
-66.728,-50.893,-43.703,-23.54
-31.785,-55.615,-47.436,-46.332
-61.803,-24.471,-64.229,-49.29
-66.581,-49.214,-36.087,-12.26
-46.295,-35.953,-56.713,-56.006
-53.966,-43.59,-60.838,-35.645
-72.89,-42.921,-32.683,-15.846
-49.1,-47.632,-60.893,-73.11
-79.081,-41.183,-68.907,-42.77
-55.89,-25.624,-49.784,-35.917
-58.55,-67.272,-53.582,-95.325
-39.641,-35.659,-52.982,-31.328
-65.189,-40.059,-46.032,-31.169
-44.577,-51.491,-54.991,-97.704
-60.512,-35.486,-53.639,-18.726
-38.127,-30.448,-49.778,-46.355
-32.797,-24.968,-58.535,-83.229
-90.362,-55.461,-63.347,6.8541
-28.49,-42.569,-23.84,-49.109
-41.855,-61.411,-48.919,-82.053
-92.929,-21.411,-51.917,-20.97
-44.596,-99.813,-55.625,-40.026
-39.313,-42.08,-74.134,-60.068
-58.487,-41.045,-52.482,-14.889
-41.727,-45.869,-58.805,-69.071
-58.955,-53.151,-47.677,-54.636
-80.489,-38.602,-42.379,-11.417
-35.082,-59.629,-65.376,-72.513
-42.418,-61.588,-40.343,-66.302
-59.327,-28.531,-41.517,-13.095
-28.101,-84.783,-62.067,-74.473
-55.439,-41.763,-61.268,-48.67
-93.038,-34.908,-50.689,-21.315
-43.946,-89.987,-59.398,-71.477
-45.719,-27.455,-43.113,-36.83
-70.742,-45.901,-37.344,-19.743
-44.997,-78.757,-62.327,-88.849
-62.142,-19.544,-60.705,-53.966
-41.681,-60.548,-15.558,-8.8975
-45.058,-59.11,-77.021,-69.476
-62.244,-31.621,-51.051,-18.515
-70.718,-50.132,-30.671,-39.689
-32.75,-67.058,-85.501,-98.597
-62.394,-35.086,-53.629,-27.675
-73.732,-21.62,-46.292,-34.526
-42.955,-56.316,-49.893,-68.908
-63.672,-40.463,-27.42,-25.88
-52.569,-51.075,-60.599,-56.336
-45.547,-53.466,-60.443,-57.435
-60.407,-33.829,-41.27,-31.147
-55.38,-68.043,-48.626,-75.292
-55.408,-37.703,-60.18,-102.46
-80.981,-48.169,-32.646,-16.789
-32.438,-58.549,-32.162,-60.86
-53.255,-47.775,-31.534,-107.13
-97.83,-46.197,-33.3,-11.248
-48.583,-52.886,-42.907,-39.101
-58.722,-41.855,-52.242,-50.401
-76.576,-69.441,-28.741,-19.653
-31.175,-59.339,-39.054,-70.221
-67.855,-43.905,-49.298,-27.326
-42.214,-25.296,-17.584,-26.329
-33.079,-52.862,-55.365,-65.455
-64.594,-52.189,-62.763,-40.642
-55.896,-49.507,-49.002,-14.552
-36.094,-77.58,-79.439,-72.59
-66.741,-41.982,-43.387,-28.916
-63.021,-55.357,-38.384,-22.954
-27.702,-57.22,-57.318,-52.317
-71.578,-29.25,-46.559,-29.069
-40.478,-62.55,-38.611,-40.135
-53.151,-44.199,-38.592,-75.422
-50.696,-37.016,-52.044,-31.726
-54.509,-52.072,-47.689,-41.012
-35.91,-51.215,-45.242,-39.643
-60.379,-46.758,-36.395,-11.878
-38.829,-59.191,-40.612,-52.549
-31.774,-54.468,-52.315,-59.877
-83.324,-51.475,-55.902,-5.2822
-52.498,-69.145,-51.494,-56.859
-50.25,-44.165,-54.033,-65.145
-67.311,-23.778,-38.4,1.3302
-39.505,-70.294,-78.488,-73.528
-57.948,-37.141,-33.185,-48.233
-75.16,-62.109,-39.849,-12.63
-40.42,-57.746,-62.801,-104.81
-50.844,-22.814,-39.036,-56.071
-48.045,-60.17,-32.591,-31.151
-70.514,-58.511,-58.091,-80.117
-45.048,-23.672,-47.502,-35.635
-43.878,-41.288,-27.04,-24.397
-52.679,-66.168,-43.608,-66.531
-50.782,-26.891,-31.567,-38.606
-57.838,-41.842,-32.946,-40.203
-50.148,-36.684,-64.744,-67.887
-58.46,-64.651,-72.129,-16.475
-44.666,-59.823,-44.463,-60.857
-55.424,-49.749,-39.864,-64.915
-60.239,-43.134,-35.864,-19.404
-45.264,-54.13,-61.957,-50.245
-44.357,-40.869,-60.391,-82.496
-63.781,-54.89,-49.629,-30.824
-32.67,-61.16,-45.691,-61.08
-18.542,-45.189,-54.466,-88.308
-33.99,-44.493,-15.557,-20.679
-40.501,-69.715,-45.607,-62.735
-44.885,-47.081,-66.987,-63.51
-60.424,-42.851,-21.889,-32.01
-48.642,-61.896,-61.702,-73.413
-61.499,-36.745,-71.841,-41.471
-43,-68.867,-27.436,-57.406
-33.135,-53.517,-50.327,-87.254
-57.789,-32.202,-66.101,-34.515
-51.515,-76.943,-53.387,-57.564
-47.98,-47.325,-43.705,-66.393
-51.639,-35.614,-41.459,-23.772
-27.668,-57.864,-31.765,-29.479
-63.748,-71.639,-69.37,-76.303
-49.362,-37.043,-53.196,-22.083
-46.209,-71.973,-43.633,-69.062
-47.021,-21.791,-41.81,-49.899
-96.131,-36.451,-49.801,-15.428
-42.214,-95.028,-51.756,-62.199
-45.391,-25.152,-62.343,-55.3
-61.747,-39.703,-42.429,1.9735
-27.211,-58.537,-52.405,-66.911
-61.744,-44.305,-84.347,-30.319
-80.21,-54.874,-20.53,-4.4829
-34.744,-83.02,-45.551,-90.018
-71.919,-38.478,-66.984,-10.434
-42.76,-45.93,-44.17,-66.711
-48.141,-37.05,-66.618,-84.551
-77.901,-31.379,-35.048,-25.54
-46.573,-42.347,-70.555,-44.589
-48.576,-67.776,-72.121,-60.34
-65.686,-38.365,-23.068,-18.47
-37.797,-45.841,-34.172,-44.995
-66.166,-33.875,-51.576,-71.391
-95.067,-54.684,-44.879,-23.809
-34.955,-57.796,-45.883,-62.285
-26.773,-36.204,-29.436,-49.502
-41.753,-20.015,-43.713,-11.9
-42.012,-45.873,-40.511,-60.45
-45.637,-28.135,-71.394,-41.739
-55.303,-29.783,-53.74,-6.8182
-37.711,-76.571,-64.019,-96.934
-46.117,-53.648,-31.553,-44.175
-49.069,-49.409,-39.192,-25.395
-31.782,-44.007,-43.918,-58.371
-67.465,-27.48,-35.873,-37.976
-67.474,-37.957,-46.096,-41.854
-39.421,-46.518,-42.826,-74.784
-54.06,-56.067,-59.741,-54.899
-50.563,-39.045,-27.495,-28.644
-33.178,-57.279,-56.217,-89.03
-54.463,-39.237,-59.993,-15.484
-58.736,-56.453,-39.044,-50.93
-32.862,-63.982,-53.4,-63.985
-66.492,-38.696,-33.499,-15.886
-36.797,-31.605,-41.582,-49.63
-47.577,-73.8,-73.564,-77.429
-75.476,-50.226,-52.684,-19.833
-35.609,-75.325,-40.907,-88.049
-39.135,-42.948,-45.03,-50.792
-77.094,-36.354,-66.238,-32.604
-26.587,-60.044,-43.072,-92.844
-58.798,-66.544,-33.635,-50.316
-50.609,-30.775,-53.532,-44.481
-31.345,-75.22,-80.167,-69.886
-44.087,-70.642,-62.975,-67.85
-60.717,-31.798,-72.49,-20.443
-19.559,-64.119,-57.976,-80.62
-37.443,-36.19,-46.003,-26.878
-40.914,-52.151,-35.933,-25.347
-35.864,-63.315,-50.054,-47.455
-58.079,-49.716,-46.884,-26.988
-46.31,-33.186,-27.306,-46.622
-43.935,-60.61,-56.665,-68.068
-84.234,-43.485,-38.346,-23.784
-49.022,-62.812,-33.611,-49.733
-64.608,-42.696,-52.471,-66.22
-66.045,-21.835,-67.362,-20.665
-45.249,-55.919,-38.06,-59.393
-49.398,-69.571,-40.283,-77.665
-58.411,-31.441,-49.198,-15.796
-26.459,-47.799,-36.238,-36.889
-36.583,-41.093,-69.927,-72.135
-48.543,-47.707,-53.857,2.6546
-40.033,-40.776,-45.856,-64.474
-33.699,-63.701,-52.899,-43.125
-91.496,-24.396,-51.355,-5.492
-33.61,-49.684,-34.704,-46.163
-45.901,-58.905,-46.194,-35.19
-46.27,-34.52,-38.493,-12.765
-36.063,-59.795,-38.445,-60.489
-70.675,-55.4,-63.962,-32.126
-60.709,-42.89,-30.568,-11.305
-43.237,-62.099,-62.962,-65.063
-73.416,-26.672,-51.342,-33.864
-58.063,-53.392,-39.547,-55.357
-26.219,-60.445,-48.166,-57.423
-39.456,-34.19,-44.546,-18.923
-49.54,-44.137,-51.53,-33.157
-41.185,-59.172,-49.923,-67.539
-73.5,-47.725,-41.134,-16.899
-46.603,-52.58,-43.292,-59.034
-46.589,-55.498,-50.431,-76.322
-72.301,-28.752,-64.585,-22.596
-43.645,-53.92,-64.024,-67.742
-40.595,-63.372,-58.953,-69.064
-64.468,-39.065,-53.271,-1.0446
-44.654,-59.417,-57.256,-76.513
-40.42,-51.915,-41.839,-67.277
-80.234,-45.874,-55.974,-16.147
-34.742,-68.427,-56.772,-81
-53.314,-40.294,-68.53,-42.675
-73.152,-51.657,-50.094,-32.414
-34.321,-72.438,-68.406,-95.051
-57.611,-18.872,-37.362,-53.977
-54.624,-50.091,-36.547,-29.137
-34.029,-54.47,-56.433,-72.492
-43.939,-69.484,-44.167,-28.154
-32.125,-39.641,-33.018,-37.702
-51.785,-37.231,-48.253,-68.734
-78.404,-39.058,-57.643,-31.286
-50.109,-58.282,-70.701,-64.621
-33.398,-60.467,-33.563,-75.902
-62.951,-42.221,-38.065,-24.159
-30.041,-57.138,-40.157,-47.764
-42.122,-65.86,-50.407,-57.692
-83.012,-28.379,-71.696,-10.922
-42.31,-62.907,-48.378,-44.621
-28.739,-66.355,-68.843,-61.488
-78.205,-42.427,-50.946,-32.043
-40.029,-40.724,-44.239,-71.974
-49.337,-44.147,-40.097,-51.868
-53.045,-52.109,-34.02,-16.302
-40.222,-42.676,-53.457,-55.625
-38.207,-41.354,-65.358,-40.492
-62.758,-30.335,-30.976,-9.3155
-51.333,-65.886,-63.548,-64.236
-49.42,-32.954,-72.167,-36.302
-57.015,-39.243,-65.145,-37.537
-48.283,-81.311,-65.986,-70.236
-46.291,-36.573,-34.923,-58.736
-33.983,-30.578,-25.008,-30.333
-66.903,-58.626,-83.637,-70.54
-78.232,-31.299,-20.712,-28.158
-35.953,-45.352,-35.024,-25.341
-67.669,-69.783,-50.121,-70.846
-66.861,-32.057,-44.078,-25.317
-56.634,-69.83,-37.568,-43.399
-40.581,-67.801,-55.876,-88.951
-82.702,-32.724,-45.29,-16.967
-61.307,-51.727,-32.597,-42.846
-42.642,-51.899,-45.711,-66.703
-82.245,-44.521,-67.239,-1.9057
-55.855,-62.102,-57.699,-62.75
-43.788,-35.317,-65.899,-90.88
-85.627,-55.895,-39.025,-31.353
-53.043,-51.875,-47.275,-49.355
-58.866,-48.555,-75.583,-73.012
-48.765,-49.527,-37.428,-9.5132
-70.993,-66.037,-46.721,-55.349
-51.954,-45.997,-48.74,-36.127
-56.882,-30.798,-39.128,-27.655
-42.92,-59.116,-44.341,-71.261
-64.508,-44.881,-64.101,-30.427
-39.764,-42,-51.444,-27.803
-50.4,-63.107,-49.223,-67.46
-64.154,-38.742,-49.511,-33.205
-40.643,-49.298,-38.857,-30.396
-49.9,-55.684,-60.367,-84.294
-71.992,-27.257,-55.216,-27.542
-55.909,-50.301,-44.253,-43.878
-18.884,-59.431,-63.245,-145.99
-82.14,-38.382,-69.007,-4.6724
-34.139,-68.214,-38.031,-42.787
-42.472,-34.156,-45.66,-85.844
-77.01,-27.292,-46.203,-26.874
-59.232,-64.33,-39.997,-68.738
-41.474,-45.397,-40.637,-87.9
-69.51,-68.686,-30.65,-55.979
-45.93,-70.255,-56.389,-56.062
-62.622,-26.863,-59.786,-70.777
-66.342,-45.242,-65.346,-12.812
-49.355,-56.601,-63.453,-94.244
-40.426,-34.228,-65.71,-39.207
-63.769,-32.13,-37.902,-20.615
-49.024,-62.591,-65.069,-98.78
-55.557,-48.114,-50.383,-33.037
-81.237,-45.736,-56.54,-23.739
-32.367,-68.945,-69.08,-79.724
-69.694,-24.025,-64.671,-12.419
-61.145,-38.718,-52.216,-50.554
-42.346,-75.689,-55.208,-77.687
-73.864,-26.129,-51.171,-14.875
-29.181,-79.37,-38.202,-53.551
-34.818,-70.259,-47.667,-60.268
-79.993,-44.677,-46.295,0.79315
-30.055,-53.331,-42.081,-65.381
-52.794,-59.979,-54.194,-65.086
-100.71,-37.906,-50.657,-24.429
-29.71,-58.571,-71.969,-87.429
-56.114,-47.991,-33.486,-51.806
-68.268,-25.554,-41.257,-22.059
-38.296,-71.391,-45.208,-46.442
-75.233,-67.499,-63.688,-45.887
-87.662,-15.99,-55.303,-18.504
-39.347,-64.234,-59.935,-59.084
-79.387,-64.303,-47.464,-46.22
-44.576,-42.489,-63.698,-39.061
-30.546,-48.432,-50.95,-66.449
-63.882,-31.704,-55,-36.372
-68.496,-53.522,-74.201,-37.417
-54.165,-51.402,-61.461,-57.119
-54.228,-46.508,-61.856,-19.316
-30.1,-63.704,-57.127,-42.317
-44.043,-74.833,-55.382,-79.359
-48.804,-44.928,-63.728,-14.709
-34.456,-67.24,-51.445,-74.102
-51.043,-56.215,-58.029,-72.26
-50.401,-30.694,-35.271,-11.523
-38.186,-72.194,-65.04,-68.132
-37.04,-45.446,-30.634,-51.027
-56.673,-40.628,-66.342,-23.078
-41.085,-55.187,-40.099,-81.261
-47.167,-33.678,-40.207,-41.628
-66.733,-50.95,-54.151,-28.24
-40.789,-57.89,-54.23,-69.92
-88.937,-65.128,-42.47,-33.333
-48.268,-33.743,-50.107,-35.105
-55.305,-75.163,-70.548,-67.759
-45.636,-38.73,-50.491,-48.315
-57.19,-51.43,-59.458,-46.133
-34.232,-95.723,-48.586,-69.921
-67.978,-43.107,-59.989,-45.789
-34.233,-27.295,-20.007,-63.236
-28.164,-76.915,-54.775,-88.168
-43.003,-37.292,-45.848,-40.762
-67.04,-53.498,-55.156,-117.09
-25.637,-69.719,-53.372,-46.924
-70.462,-47.49,-54.059,-10.277
-22.55,-79.407,-42.928,-52.785
-37.518,-73.725,-66.191,-52.041
-84.756,-32.381,-41.188,-32.814
-30.147,-59.399,-59.393,-69.837
-56.042,-45.062,-73.374,-57.022
-46.107,-52.356,-29.269,-13.215
-39.368,-42.519,-35.834,-44.135
-76.714,-47.879,-51.779,-31.873
-50.353,-37.992,-51.607,-47.27
-59.057,-63.806,-70.098,-62.509
-63.827,-33.931,-51.146,-29.689
-46.661,-40.05,-57.216,-35.586
-42.317,-43.827,-35.574,-53.73
-46.305,-51.77,-33.253,-28.876
-63.121,-17.435,-45.605,-47.911
-51.286,-60.328,-61.3,-58.731
-57.034,-25.69,-38.606,-26.786
-36.453,-29.848,-41.314,-49.804
-45.781,-48.568,-66.099,-49.098
-62.481,-16.976,-42.723,-23.476
-42.495,-49.922,-49.952,-60.362
-55.747,-64.515,-47.23,-64.125
-63.633,-20.529,-30.266,-20.303
-28.683,-107.04,-44.668,-43.414
-49.743,-49.404,-71.797,-46.2
-62.411,-24.137,-40.876,-24.413
-56.515,-61.48,-52.582,-52.627
-44.66,-26.325,-47.824,-29.455
-74.457,-42.912,-71.496,-36.234
-28.751,-67.493,-81.073,-93.65
-71.661,-66.704,-50.003,-39.61
-61.971,-13.767,-29.606,-16.747
-39.735,-79.279,-58.456,-65.686
-68.136,-61.252,-39.664,-44.442
-81.911,-23.514,-81.51,-23.588
-32.106,-62.779,-51.215,-76.054
-58.967,-22.098,-34.534,-11.21
-62.767,-39.431,-77.727,-51.935
-34.218,-66.485,-44.814,-78.154
-67.358,-34.603,-64.387,-20.57
-51.845,-29.717,-67.942,-48.872
-40.659,-68.176,-60.633,-71.822
-71.891,-14.09,-38.868,2.3016
-23.488,-25.975,-24.819,-40.017
-53.968,-84.753,-85.017,-73.027
-69.777,-18.664,-54.716,-19.992
-32.148,-48.888,-56.31,-57.797
-51.112,-72.792,-26.856,-55.296
-62.198,-39.885,-43.267,-37.969
-32.927,-56.336,-46.332,-50.038
-64.459,-57.683,-50.682,-58.991
-64.944,-33.652,-63.66,-51.806
-58.617,-53.39,-48.023,-50.024
-53.015,-51.377,-33.986,-60.219
-56.167,-43.73,-66.315,-41.596
-41.108,-86.131,-84.949,-103.47
-54.281,-35.892,-28.99,-79.328
-45.275,-35.122,-54.621,-23.989
-48.694,-61.32,-59.966,-53.678
-56.444,-50.846,-56.427,-33.231
-66.931,-47.705,-61.238,-28.941
-42.667,-74.525,-58.292,-91.822
-85.029,-38.738,-29.394,-12.028
-47.894,-21.123,-39.556,-42.034
-38.439,-88.398,-56.835,-88.971
-73.76,-22.999,-37.515,-8.8387
-35.84,-37.925,-44.959,-38.96
-37.73,-69.761,-60.153,-51.947
-63.905,-52.067,-52.41,-24.356
-47.675,-47.727,-47.269,-55.006
-36.525,-44.063,-38.322,-61.328
-44.807,-43.476,-37.783,-4.183
-49.333,-62.187,-35.462,-73.432
-43.685,-42.764,-42.061,-46.127
-60.846,-24.28,-39.371,-30.639
-43.287,-61.344,-63.101,-51.344
-56.63,-51.335,-60.478,-41.692
-55.976,-37.46,-29.694,-54.33
-49.796,-44.335,-48.29,-83.696
-41.638,-30.18,-33.328,-17.085
-80.191,-54.216,-67.295,-19.66
-32.604,-69.3,-47.051,-83.206
-76.649,-37.316,-60.096,-25.327
-44.978,-19.663,-53.892,-27.658
-66.948,-72.691,-81.173,-56.639
-64.86,-47.436,-51.265,-20.084
-30.394,-33.353,-33.328,-21.581
-49.05,-49.753,-81.681,-88.33
-75.657,-27.908,-34.322,-10.575
-58.137,-34.387,-55.949,-53.334
-53.351,-74.387,-76.659,-74.263
-72.315,-25.961,-57.035,-7.1416
-32.631,-33.814,-34.707,-44.33
-65.438,-72.124,-67.9,-58.431
-68.25,-25.805,-48.832,-16.414
-42.79,-64.772,-48.608,-53.766
-64.52,-36.295,-39.652,-60.934
-57.619,-43.003,-48.723,-27.404
-53.896,-59.505,-63.172,-74.977
-44.538,-51.413,-29.215,-35.459
-50.145,-39.058,-43.916,-20.072
-48.049,-55.401,-52.021,-84.65
-68.301,-37.911,-44.181,-53.412
-48.95,-32.189,-46.975,-25.865
-42.217,-51.142,-38.277,-49.136
-77.133,-57.559,-30.071,-13.988
-46.52,-41.901,-43.774,-53.474
-59.593,-75.326,-43.252,-72.141
-61.936,-41.154,-35.616,-42
-52.644,-49.278,-55.654,-52.506
-44.29,-79.706,-46.039,-72.3
-74.341,-39.541,-57.362,-31.313
-34.448,-61.885,-35.253,-76.715
-63.005,-60.848,-63.88,-63.674
-49.59,-25.214,-52.165,-22.608
-36.9,-49.831,-43.808,-89.705
-48.632,-58.467,-40.605,-40.761
-51.04,-41.56,-39.723,-19.642
-48.402,-51.174,-40.106,-47.391
-57.283,-48.768,-54.491,-55.862
-63.649,-30.576,-48.282,-26.471
-36.432,-66.772,-57.398,-78.269
-60.429,-18.548,-46.576,-37.542
-74.438,-32.507,-56.462,-30.033
-38.034,-55.923,-52.307,-77.431
-67.815,-52.156,-54.32,-40.905
-61.898,-38.84,-43.427,-11.871
-43.986,-51.427,-58.059,-66.026
-86.602,-46.972,-60.458,-24.618
-46.444,-53.144,-45.193,-31.333
-34.369,-82.299,-48.156,-68.405
-74.026,-43.584,-51.084,-22.392
-67.36,-46.855,-58.732,-76.008
-51.286,-63.86,-49.061,-64.922
-53.418,-39.403,-50.953,-13.335
-46.48,-63.438,-42.733,-60.141
-52.053,-55.186,-64.743,-45.78
-48.221,-34.89,-25.392,-19.797
-45.701,-44.474,-36.521,-59.37
-62.279,-50.792,-36.846,-54.511
-70.494,-46.611,-49.754,-20.97
-30.123,-54.931,-52.98,-58.369
-51.764,-41.908,-25.613,-30.027
-54.891,-37.764,-50.541,-37.622
-35.192,-41.507,-32.829,-49.769
-59.773,-39.021,-52.897,-25.297
-55.822,-32.387,-78.115,-17.459
-55.843,-66.044,-39.628,-69.187
-42.324,-49.033,-51.741,-9.217
-44.668,-48.217,-33.018,-35.273
-40.312,-52.048,-51.537,-75.977
-55.087,-43.195,-47.831,-33.159
-50.222,-45.883,-37.9,-42.115
-43.333,-91.457,-56.233,-52.755
-48.387,-36.895,-70.359,-50.194
-70.525,-50.098,-59.749,-45.472
-64.373,-43.902,-68.749,-77.807
-40.839,-40.366,-40.208,-16.787
-43.258,-51.827,-67.064,-58.453
-36.19,-66.903,-47.18,-57.738
-59.879,-30.615,-33.321,-14.928
-31.053,-42.451,-43.942,-45.914
-49.857,-73.966,-56.9,-49.724
-71.596,-36.081,-63.384,-47.297
-39.587,-71.348,-59.981,-53.46
-75.803,-53.26,-58.636,-71.549
-69.355,-53.042,-48.472,-48.547
-29.23,-54.937,-46.801,-87.054
-58.566,-55.37,-78.39,-48.41
-61.253,-30.81,-27.42,-43.974
-30.93,-79.795,-64.672,-73.02
-68.097,-39.017,-35.957,-41.035
-70.238,-34.082,-50.39,-27.518
-47.333,-62.45,-79.096,-68.489
-81.495,-57.046,-52.51,-20.651
-57.317,-33.713,-61.331,-42.938
-57.703,-64.826,-65.966,-56.753
-72.57,-44.422,-41.549,-27.039
-62.252,-29.924,-63.677,-58.812
-39.278,-64.963,-50.558,-64.954
-59.591,-60.136,-52.634,-42.31
-37.838,-57.353,-45.376,-39.251
-37.587,-64.763,-52.266,-68.171
-65.446,-28.828,-59.881,-33.563
-39.233,-47.158,-36.189,-55.14
-64.125,-75.553,-36.741,-60.421
-49.058,-28.358,-55.995,-28.653
-25.862,-54.738,-41.471,-48.662
-48.723,-63.829,-49.741,-46.624
-58.503,-27.277,-51.534,-8.3104
-38.45,-58.92,-45.487,-67.471
-46.373,-44.576,-41.97,-35.477
-63.331,-41.994,-62.588,-16.901
-35.493,-64.237,-52.054,-67.831
-61.537,-33.054,-40.894,-46.105
-44.677,-21.155,-32.639,-27.687
-45.632,-65.235,-51.887,-48.32
-59.396,-43.289,-57.543,-39.171
-49.71,-34.527,-49.444,-29.724
-48.436,-70.756,-65.546,-82.061
-63.801,-28.279,-73.827,-20.538
-39.967,-42.86,-33.434,-47.949
-41.928,-73.326,-64.784,-49.229
-38.631,-41.802,-46.605,-14.438
-61.287,-48.895,-49.123,-51.487
-50.539,-85.476,-69.084,-55.513
-63.845,-37.871,-57.544,-27.939
-56.968,-46.303,-71.468,-64.021
-59.517,-64.007,-60.472,-65.01
-69.867,-16.427,-57.606,-12.812
-25.571,-72.043,-55.165,-83.679
-68.078,-81.145,-53.483,-45.498
-71.602,-24.78,-55.314,-5.558
-28.411,-61.282,-46.867,-53.55
-62.718,-68.496,-61.973,-57.274
-62.83,-35.418,-32.249,-3.6805
-44.6,-81.045,-40.435,-74.5
-62.906,-44.355,-61.151,-34.459
-87.652,-26.873,-36.103,-36.585
-40.576,-65.868,-53.627,-81.629
-39.184,-41.604,-43.304,-25.116
-50.91,-20.419,-39.065,-54.966
-48.129,-65.616,-53.683,-92.488
-71.366,-53.315,-42.708,-39.938
-77.564,-48.392,-52.54,-33.976
-26.94,-56.56,-53.504,-81.278
-53.608,-57.767,-59.265,-43.409
-24.786,-24.845,-37.039,-46.875
-39.509,-92.22,-56.697,-80.847
-46.391,-28.975,-57.989,-45.98
-32.1,-41.466,-53.867,-43.929
-59.43,-80.854,-52.638,-57.713
-78.666,-40.084,-80.988,-27.137
-47.127,-69.231,-49.991,-52.666
-28.271,-83.279,-62.87,-76.312
-91.859,-45.124,-34.296,-9.4094
-34.461,-53.782,-40.505,-44.762
-29.238,-81.403,-56.726,-44.79
-47.902,-37.477,-23.973,-17.711
-34.259,-52.4,-60.584,-55.493
-80.136,-63.632,-59.852,-53.977
-53.481,-19.025,-35.059,-6.9696
-54.362,-66.911,-68.114,-66.297
-42.761,-40.86,-47.455,-33.449
-50.801,-32.677,-40.354,-22.531
-54.341,-60.898,-55.021,-79.563
-49.448,-38.191,-36.346,-46.58
-65.173,-18.165,-28.918,-21.235
-62.323,-65.552,-67.869,-57.205
-67.462,-47.605,-38.837,-39.07
-52.239,-54.146,-41.475,-47.204
-62.304,-67.379,-52.215,-55.883
-46.725,-38.577,-46.251,-17.648
-48.755,-65.541,-38.723,-51.562
-44.605,-82.325,-57.399,-60.06
-81.821,-31.486,-50.682,-2.1923
-47.808,-46.839,-72.435,-60.611
-46.923,-63.643,-32.177,-74.329
-86.952,-45.891,-63.77,-8.248
-38.928,-64.425,-51.399,-72.073
-29.418,-68.009,-54.063,-51.938
-88.827,-38.428,-52.352,-20.174
-50.013,-56.612,-57.028,-69.324
-51.781,-47.937,-48.749,-48.401
-72.608,-36.834,-54.981,-12.503
-49.728,-39.117,-67.989,-55.586
-50.049,-48.717,-46.008,-56.628
-70.48,-19.229,-56.332,-33.911
-39.256,-62.369,-51.191,-90.057
-65.22,-39.671,-53.199,-49.159
-60.15,-31.859,-27.86,-22.313
-35.061,-41.922,-38.778,-53.883
-43.721,-26.989,-59.413,-36.075
-44.84,-46.565,-37.912,-29.842
-47.851,-65.848,-61.211,-68.758
-92.931,-55.106,-75.553,-23.798
-40.675,-57.306,-37.955,-56.139
-13.675,-56.33,-56.469,-90.722
-85.095,-38.398,-57.24,-6.9358
-22.724,-43.431,-29.221,-38.792
-33.173,-61.786,-33.606,-71.2
-68.067,-19.024,-38.177,-24.037
-41.464,-48.365,-32.456,-64.084
-47.638,-67.403,-40.322,-57.543
-89.142,-28.153,-52.947,-57.569
-49.469,-54.689,-63.767,-95.248
-46.672,-54.847,-46.773,-72.538
-55.852,-68.028,-43.124,-17.046
-25.562,-67.141,-53.782,-82.813
-54.874,-59.221,-54.486,-36.587
-74.625,-21.735,-35.905,-27.757
-51.256,-66.365,-65.356,-64.719
-50.957,-79.63,-59.638,-33.196
-65.457,-40.93,-46.202,-33.226
-33.592,-72.84,-64.973,-79.286
-65.911,-34.997,-37.399,-18.529
-49.862,-44.772,-34.451,-57.551
-33.343,-75.141,-56.148,-83.811
-79.553,-39.59,-62.422,-23.726
-37.384,-42.53,-30.027,-40.387
-39.212,-72.537,-47.727,-79.758
-81.749,-34.104,-54.205,-11.748
-39.719,-63.983,-33.95,-63.246
-41.299,-66.217,-63.714,-66.801
-74.427,-57.261,-51.143,-33.967
-52.324,-49.824,-73.737,-76.944
-53.637,-65.132,-36.721,-35.877
-67.859,-49.796,-44.6,-39.557
-44.99,-48.029,-39.027,-42.794
-60.93,-75.073,-47.121,-46.616
-93.827,-35.169,-58.096,-36.363
-53.263,-56.363,-46.671,-65.058
-50.167,-56.067,-31.665,-57.016
-74.744,-39.018,-54.134,-32.51
-42.365,-49.2,-48.313,-62.804
-20.71,-33.905,-58.402,-22.591
-73.15,-52.938,-53.948,-15.901
-57.728,-61.776,-68.498,-66.044
-50.919,-60.503,-43.381,-20.969
-38.02,-39.307,-45.551,-43.084
-50.207,-41.464,-73.955,-68.753
-46.205,-50.862,-64.013,-26.444
-35.854,-28.067,-34.634,-49.913
-41.086,-53.078,-68.531,-60.477
-41.714,-28.842,-32.942,-25.575
-35.232,-57.402,-36.981,-36.069
-41.068,-51.233,-53.198,-50.226
-50.683,-27.055,-52.4,-27.937
-38.179,-59.095,-50.429,-42.666
-35.612,-31.368,-38.868,-50.591
-80.636,-39.866,-54.383,-20.972
-45.997,-54.685,-49.835,-70.685
-71.708,-41.403,-39.664,-86.302
-69.893,-56.381,-57.685,-30.305
-54.917,-50.138,-66.243,-47.286
-42.539,-47.863,-41.719,-88.033
-39.782,-53.251,-50.507,-26.653
-46.533,-81.894,-64.872,-86.384
-47.068,-56.008,-34.134,-107.06
-46.896,-38.183,-19.874,-24.364
-71.36,-85.055,-61.848,-80.813
-32.874,-28.265,-38.827,-43.713
-85.591,-65.354,-25.524,-84.705
-43.051,-61.567,-49.982,-39.652
-35.421,-57.999,-51.595,-62.576
-35.27,-67.003,-39.765,-38.441
-69.39,-76.536,-62.184,-41.053
-69.577,-30.423,-64.864,-50.855
-65.601,-56.262,-31.782,-32.006
-65.8,-51.528,-52.699,-62.827
-50.362,-40.351,-38.764,-40.468
-31.961,-39.609,-36.076,-34.895
-52.277,-43.943,-63.756,-80.797
-89.681,-41.59,-45.85,-33.437
-52.209,-58.734,-51.285,-37.061
-51.225,-46.629,-66.811,-55.731
-33.243,-59.487,-67.962,-15.19
-50.808,-81.298,-48.615,-56.221
-65.677,-47.193,-33.803,-49.676
-81.202,-76.262,-48.573,-21.474
-57.298,-65.415,-42.904,-55.123
-50.239,-48.96,-64.132,-42.898
-67.299,-39.159,-57.236,-25.83
-29.457,-55.588,-63.276,-66.003
-38.114,-56.774,-51.754,-59.733
-50.243,-29.714,-31.51,-24.443
-35.988,-61.368,-44.674,-68.357
-53.746,-42.306,-50.732,-56.524
-61.456,-51.556,-75.626,-17.351
-57.43,-59.346,-76.68,-43.194
-53.89,-49.466,-75.875,-39.169
-49.805,-49.062,-50.878,-37.021
-46.162,-48.416,-54.155,-49.683
-63.294,-36.484,-66.679,-24.662
-56.4,-57.271,-32.813,-59.915
-57.572,-56.591,-69.347,-60.107
-49.835,-36.225,-25.084,-34.582
-35.742,-71.623,-23.303,-25.457
-66,-56.859,-67.168,-66.472
-52.917,-50.602,-43.402,-36.631
-49.042,-60.299,-42.439,-47.575
-56.233,-48.152,-60.977,-39.234
-73.705,-44.244,-49.104,-15.097
-57.513,-56.432,-53.518,-92.86
-42.376,-25.461,-68.646,-64.29
-57.434,-49.829,-19.318,-9.0394
-58.035,-70.112,-82.205,-55.703
-35.966,-37.573,-50.106,-57.677
-31.09,-42.379,-27.495,-23.548
-47.842,-54.783,-65.614,-70.474
-38.624,-43.451,-71.967,-48.289
-71.448,-36.337,-39.593,-47.113
-46.393,-81.267,-32.693,-71.984
-43.375,-41.539,-51.656,-42.696
-48.746,-65.777,-36.608,-35.379
-46.302,-62.234,-69.839,-86.419
-37.532,-30.003,-56.691,-29.184
-47.481,-44.855,-50.981,-50.867
-46.752,-53.368,-40.595,-74.925
-62.42,-37.057,-91.776,-23.353
-54.901,-70.661,-58.842,-74.755
-48.857,-47.504,-37.684,-61.854
-65.577,-63.26,-62.575,-29.485
-41.34,-41.435,-67.943,-38
-46.756,-63.38,-62.123,-39.099
-45.322,-35.296,-23.745,-11.58
-45.996,-70.533,-48.313,-70.51
-55.201,-35.649,-29.828,-57.151
-44.086,-34.885,-64.945,-14.498
-50.86,-47.81,-44.343,-62.638
-61.889,-32.648,-56.373,-24.734
-60.991,-63.118,-54.967,-25.834
-47.018,-56.891,-61.002,-85.194
-88.921,-45.449,-41.573,-23.303
-43.553,-45.938,-52.607,-35.067
-39.927,-66.108,-38.908,-83.909
-70.882,-28.263,-52.413,-9.7394
-38.865,-49.599,-42.412,-55.53
-51.005,-90.041,-42.066,-51.927
-75.261,-33.805,-56.286,-31.876
-43.237,-39.933,-52.799,-37.16
-52.563,-71.711,-50.608,-80.467
-70.945,-47.44,-49.177,-33.453
-44.308,-48.137,-54.777,-82.134
-50.597,-59.865,-39.748,-45.723
-76.189,-28.718,-62.145,-0.77048
-30.922,-88.904,-48.571,-69.941
-45.607,-20.649,-71.309,-42.107
-59.071,-28.823,-30.66,-6.0754
-34.096,-72.982,-64.408,-58.557
-57.267,-19.892,-78.933,-47.252
-60.48,-57.211,-49.446,-18.133
-43.343,-92.93,-58.271,-114.68
-50.387,-52.646,-39.617,-26.734
-74.402,-42.233,-59.041,-34.651
-41.994,-64.578,-61.713,-90.676
-64.571,-57.611,-53.033,-14.634
-77.885,-64.914,-42.262,-36.602
-50.883,-63.418,-72.17,-78.22
-49.915,-29.878,-33.397,-13.903
-47.506,-35,-29.641,-47.346
-43.209,-56.845,-59.135,-68.534
-84.778,-31.387,-72.998,-13.048
-33.548,-65.013,-52.167,-67.237
-37.04,-39.679,-40.693,-44.471
-50.627,-32.829,-32.031,-7.3928
-56.59,-49.29,-47.378,-67.148
-47.831,-62.786,-49.939,-56.672
-55.847,-32.411,-46.325,-19.419
-26.058,-69.123,-27.077,-44.751
-40.067,-53.274,-50.951,-66.017
-56.773,-47.209,-63.23,-9.2413
-41.349,-64.014,-35.042,-82.766
-79.839,-80.076,-60.046,-36.289
-83.151,-26.594,-56.407,-26.422
-50.338,-69.795,-71.932,-97.005
-58.183,-39.087,-51.495,-26.889
-35.306,-48.931,-38.766,-43.365
-42.832,-68.152,-53.76,-91.464
-92.612,-22.955,-60.241,-15.448
-38.267,-65.723,-54.959,-58.059
-29.127,-72.859,-46.889,-62.84
-73.181,-31.74,-39.022,-42.522
-32.736,-61.565,-50.937,-64.452
-64.602,-52.708,-64.962,-57.875
-61.846,-35.924,-30.732,-35.829
-51.44,-73.871,-41.334,-92.507
-61.481,-57.297,-52.748,-45.268
-89.206,-49.804,-56.302,-15.597
-28.91,-72.192,-49.383,-86.571
-54.388,-53.91,-37.188,-47.77
-79.477,-21.598,-58.785,-6.831
-45.933,-56.991,-54.609,-63.385
-48.88,-58.621,-41.434,-30.412
-48.365,-13.679,-48.746,-31.349
-29.768,-48.527,-63.73,-106.61
-59.449,-75.503,-37.03,-26.349
-46.052,-42.377,-42.036,-43.941
-54.498,-63.566,-53.587,-94.324
-75.986,-35.157,-54.442,-19.195
-55.514,-70.692,-41.118,-53.219
-46.425,-48.439,-74.25,-73.447
-49.52,-35.485,-46.966,-27.827
-52.95,-36.703,-54.249,-60.148
-47.014,-39.794,-41.437,-63.666
-73.423,-58.2,-46.645,-27.148
-43.937,-49.472,-53.839,-57.884
-43.598,-60.805,-42.503,-60.628
-73.115,-32.308,-49.729,-18.903
-32.621,-36.777,-59,-44.192
-48.768,-42.41,-49.468,-63.682
-66.062,-49.538,-64.52,-8.8918
-39.098,-57.661,-46.526,-65.237
-54.196,-77.016,-55.557,-45.249
-110.42,-22.208,-50.882,-9.8576
-28.618,-53.03,-32.893,-47.389
-33.338,-26.086,-43.014,-73.396
-87.804,-58.984,-53.417,-11.956
-28.5,-66.878,-57.704,-71.421
-58.817,-42.525,-59.242,-53.385
-49.517,-35.767,-26.708,-32.384
-49.684,-45.8,-47.008,-75.262
-40.688,-10.732,-51.231,-28.382
-71.714,-24.581,-29.87,-35.608
-37.386,-57.037,-51.837,-78.173
-55.725,-49.76,-52.62,-36.171
-44.201,-39.058,-31.105,-10.711
-49.6,-57.346,-69.05,-77.422
-48.489,-32.125,-39.686,-41.883
-92.778,-71.098,-58.706,-45.478
-40.618,-54.85,-46.282,-77.908
-74.797,-33.272,-55.035,-36.128
-33.595,-81.173,-50.7,-66.165
-51.766,-50.552,-54.885,-83.808
-50.545,-36.205,-37.235,-49.435
-59.744,-97.092,-36.324,-45.313
-22.374,-45.412,-103.68,-76.105
-91.647,-40.202,-41.316,-18.117
-47.013,-65.612,-46.991,-61.679
-39.05,-43.474,-65.125,-42.558
-72.634,-44.162,-40.185,-47.912
-54.056,-60.073,-54.541,-65.766
-44.935,-22.72,-46.48,-52.592
-76.175,-34.982,-38.697,-17.769
-28.482,-56.083,-65.971,-56.869
-35.194,-41.803,-37.179,-51.011
-38.174,-45.68,-32.067,-19.012
-69.633,-61.102,-44.006,-86.425
-51.126,-49.49,-80.527,-49.654
-46.132,-30.545,-63.239,-46.592
-42.952,-79.092,-42.62,-83.111
-42.739,-34.027,-60.65,-47.113
-76.54,-29.036,-41.968,-22.997
-68.669,-56.274,-56.5,-51.928
-48.501,-45.375,-55.805,-30.001
-59.225,-66.308,-57.194,-46.704
-25.786,-89.335,-54.998,-62.025
-72.735,-46.96,-61.97,-25.902
-38.124,-49.001,-30.566,-35.894
-29.242,-51.687,-30.418,-69.379
-59.082,-42.177,-42.549,-16.06
-54.686,-65.359,-48.004,-51.603
-41.581,-45.679,-59.644,-36.599
-81.167,-31.949,-32.215,-23.547
-70.311,-61.123,-69.867,-68.087
-42.249,-18.56,-47.754,-54.421
-66.56,-51.641,-47.202,-32.896
-51.289,-47.361,-46.045,-52.62
-58.657,-58.371,-43.796,-47.238
-97.587,-48.158,-34.861,-10.212
-49.41,-71.216,-55.846,-40.346
-43.428,-36.721,-65.766,-46.465
-73.226,-39.309,-57.199,-30.092
-45.316,-52.716,-75.984,-78.363
-60.294,-19.52,-50.534,-31.183
-49.27,-53.076,-41.286,-51.406
-39.619,-63.035,-52.56,-83.959
-73.547,-28.706,-62.641,-9.3619
-59.073,-67.11,-26.273,-31.957
-28.313,-28.433,-76.874,-78.768
-65.757,-59.811,-47.375,-7.7807
-46.879,-82.593,-38.069,-49.11
-37.122,-41.548,-57.549,-108.13
-54.2,-41.927,-37.872,-31.472
-40.862,-50.581,-55.235,-74.097
-28.896,-50.614,-41.212,-48.925
-52.312,-48.552,-35.68,-23.668
-60.218,-48.311,-67.668,-61.607
-46.696,-51.859,-63.272,-39.483
-53.481,-54.552,-32.534,-27.872
-48.239,-57.349,-49.133,-78.564
-41.53,-48.23,-61.916,-56.609
-40.772,-54.983,-34.582,-56.68
-29.112,-54.299,-25.197,-83.948
-45.365,-43.763,-49.194,-30.752
-54.461,-51.396,-33.978,-24.497
-31.521,-84.122,-55.488,-82.855
-62.425,-34.701,-59.559,-15.828
-51.818,-54.466,-45.022,-31.629
-19.932,-32.138,-67.82,-70.208
-70.003,-70.223,-49.696,-12.124
-23.31,-33.199,-27.077,-35.821
-42.791,-54.758,-42.176,-58.34
-62.351,-30.867,-35.3,-3.1697
-37.309,-57.354,-46.452,-46.823
-47.418,-46.739,-55.072,-53.772
-58.855,-25.31,-47.146,-2.1033
-55.146,-67.61,-56.447,-55.888
-43.973,-31.379,-48.364,-55.735
-85.99,-39.701,-28.896,-26.487
-38.548,-70.26,-62.583,-61.93
-64.665,-34.315,-44.17,-59.976
-45.912,-41.721,-29.592,-16.238
-72.215,-60.515,-76.178,-72.884
-68.915,-29.444,-28.473,-43.086
-51.75,-36.975,-57.744,-42.293
-35.858,-59.009,-52.355,-68.249
-50.648,-33.295,-42.9,-3.2669
-46.643,-35.925,-51.197,-41.687
-37.501,-85.964,-51.94,-72.113
-55.664,-46.287,-50.574,-10.173
-45.283,-43.834,-41.153,-40.423
-35.835,-54.411,-53.793,-43.589
-66.787,-47.094,-75.498,-7.1164
-43.384,-78.89,-58.007,-63.846
-41.194,-46.963,-56.026,-77.328
-88.435,-29.795,-35.005,-12.969
-49.424,-50.621,-71.822,-73.321
-57.903,-42.981,-51.181,-56.739
-97.927,-16.525,-54.326,-0.72829
-43.239,-76.212,-46.795,-60.761
-53.529,-57.599,-39.801,-39.446
-54.744,-23.172,-56.776,-16.994
-52.815,-58.53,-55.097,-75.516
-74.352,-36.629,-59.121,-32.915
-50.438,-39.605,-23.976,-31.93
-52.571,-66.545,-55.94,-75.98
-69.14,-34.975,-39.166,-40.079
-43.02,-65.29,-44.056,-35.721
-50.698,-59.717,-66.563,-77.364
-56.93,-46.59,-53.478,-25.517
-48.737,-59.176,-32.45,-41.746
-27.07,-57.609,-41.154,-76.317
-89.4,-41.711,-46.339,-11.431
-25.808,-32.867,-36.622,-46.239
-36.142,-62.337,-55.558,-72.617
-76.715,-15.865,-29.346,-21.72
-28.465,-51.459,-43.588,-85.86
-41.89,-44.42,-35.179,-63.048
-68.325,-26.111,-58.259,-39.239
-42.569,-69.664,-53.178,-90.648
-42.31,-68.503,-43.914,-58.359
-69.276,-41.88,-46.205,-24.823
-36.509,-100.32,-74.365,-71.038
-53.768,-57.599,-60.162,-38.156
-54.582,-33.155,-52.241,-17.93
-45.105,-72.115,-35.703,-75.948
-61.75,-77.615,-81.818,-40.855
-79.159,-52.465,-35.581,-40.318
-41.412,-94.541,-53.415,-78.441
-51.173,-29.541,-42.696,-12.69
-45.383,-46.815,-37.97,-42.657
-50.901,-68.893,-64.891,-62.024
-86.72,-29.271,-54.718,1.904
-33.412,-37.954,-40.965,-42.567
-43.266,-64.038,-60.146,-54.293
-61.951,-28.672,-32.806,-11.442
-32.813,-38.971,-35.44,-59.873
-49.137,-72.215,-78.991,-87.354
-76.898,-48.788,-53.537,-2.7387
-26.643,-47.158,-64.926,-69.593
-54.061,-68.622,-46.196,-60.973
-62.875,-30.047,-51.084,-14.719
-41.557,-33.345,-31.31,-61.784
-52.644,-42.759,-83.733,-52.092
-47.467,-43.213,-29.198,-23.262
-57.427,-82.707,-48.617,-78.568
-50.101,-50.888,-45.325,-36.192
-56.193,-34.733,-43.326,-40.233
-54.393,-89.626,-39.61,-79.558
-37.989,-41.045,-30.01,-26.705
-65.777,-53.255,-54.099,-29.718
-38.817,-78.463,-70.274,-65.508
-53.461,-49.126,-36.654,-24.542
-39.921,-59.753,-49.787,-30.8
-25.594,-78.116,-69.07,-51.547
-94.018,-22.122,-62.462,-4.798
-23.788,-22.228,-21.735,-38.807
-40.004,-44.019,-57.013,-92.903
-58.796,-28.423,-30.661,-8.3413
-30.189,-51.419,-41.005,-46.24
-31.914,-56.12,-30.044,-65.099
-80.084,-41.32,-69.867,-22.358
-31.212,-66.795,-38.254,-62.271
-36.774,-29.102,-40.231,-61.576
-76.51,-36.368,-56.296,-3.0182
-31.12,-64.624,-73.883,-74.179
-66.402,-35.547,-41.902,-75.546
-73.647,-49.229,-48.563,-27.537
-41.522,-48.965,-52.028,-77.395
-56.644,-48.823,-48.018,-46.766
-80.242,-49.542,-61.862,-39.15
-36.624,-81.801,-46.093,-92.748
-50.588,-41.901,-30.977,-68.999
-74.106,-51.644,-57.612,-33.073
-35.409,-71.276,-70.167,-78.904
-56.544,-23.274,-34.496,-51.233
-42.302,-33.051,-43.408,-134.47
-35.221,-66.099,-45.294,-50.223
-71.352,-40.045,-64.415,-26.758
-22.333,-55.233,-30.401,-49.139
-51.059,-67.341,-68.784,-59.458
-54.853,-23.873,-58.26,-20.063
-46.621,-46.428,-61.848,-36.406
-45.546,-38.56,-65.066,-89.611
-78.09,-30.248,-32.828,-18.33
-35.103,-51.735,-36.415,-48.371
-51.799,-63.477,-45.379,-48.456
-83.533,-23.157,-46.211,-23.025
-43.179,-83.902,-58.881,-59.081
-50.908,-42.027,-33.576,-42.443
-53.06,-41.603,-53.573,-19.879
-54.899,-57.274,-43.679,-72.44
-42.112,-34.299,-33.473,-61.598
-67.733,-32.302,-59.189,-31.747
-46.114,-71.652,-55.252,-65.535
-40.051,-35.616,-55.486,-46.941
-80.623,-39.135,-45.137,-36.218
-32.669,-62.983,-48.928,-90.715
-59.101,-35.469,-48.514,-20.19
-36.877,-38.99,-24.081,-20.493
-37.647,-57.483,-56.677,-92.353
-61.967,-20.677,-42.513,-28.561
-60.639,-69.502,-47.252,-30.322
-38.558,-71.236,-65.487,-65.609
-59.436,-50.25,-48.479,-25.842
-60.959,-49.385,-46.077,-41.079
-49.319,-70.117,-44.136,-44.858
-72.802,-27.872,-38.892,-19.499
-45.673,-51.852,-41.395,-58.485
-55.169,-50.165,-61.49,-74.185
-88.678,-48.735,-34.443,-17.661
-40.333,-52.917,-47.192,-33.748
-62.859,-58.423,-59.617,-60.704
-63.205,-28.947,-30.05,-39.236
-38.352,-106.26,-33.365,-49.268
-48.816,-20.372,-59.402,-41.045
-77.634,-47.193,-37.916,-30.026
-51.801,-60.467,-61.115,-68.377
-31.065,-25.482,-79.554,-63.053
-74.594,-29.931,-36.543,-9.3679
-44.625,-73.125,-57.016,-52.387
-39.522,-24.538,-44.766,-66.503
-53.74,-63.718,-26.616,-23
-33.826,-55.764,-74.026,-88.604
-30.532,-50.463,-69.414,-61.493
-73.343,-48.163,-65.733,-48.66
-50.654,-53.521,-37.974,-49.077
-65.968,-42.877,-41.325,-62.561
-53.089,-81.143,-44.895,-39.403
-57.155,-46.664,-49.154,-60.772
-29.652,-31.203,-64.425,-39.034
-40.058,-62.578,-40.372,-54.56
-52.63,-42.375,-50.964,-63.441
-51.271,-49.81,-60.506,-32.475
-51.156,-57.062,-51.179,-49.977
-43.254,-33.945,-36.841,-79.941
-49.17,-45.78,-36.121,-28.077
-48.506,-45.202,-52.828,-39.323
-44.228,-60.919,-45.061,-59.045
-48.4,-25.894,-27.537,-8.1844
-45.58,-62.514,-63.925,-77.658
-34.095,-43.503,-45.045,-74.278
-71.352,-55.162,-53.786,-12.849
-51.691,-35.112,-51.042,-52.191
-35.974,-31.773,-38.284,-47.778
-60.395,-44.47,-33.212,-20.887
-46.698,-64.256,-68.866,-67.705
-42.97,-50.371,-30.234,-43.535
-47.449,-46.857,-46.051,-22.34
-44.726,-72.709,-50.756,-78.685
-61.684,-25.984,-82.69,-40.296
-41.103,-47.624,-32.114,-39.386
-51.799,-70.545,-78.18,-50.723
-72.481,-25.247,-53.536,-40.677
-49.906,-47.76,-47.404,-41.497
-52.545,-63.243,-44.322,-60.123
-68.287,-39.717,-37.356,-20.698
-53.245,-64.007,-60.833,-67.018
-62.867,-54.857,-44.923,-46.915
-67.935,-41.328,-41.859,-18.648
-55.812,-64.19,-59.219,-62.843
-55.65,-27.855,-64.019,-62.869
-53.342,-51.928,-35.03,-15.724
-41.283,-80.833,-53.018,-47.136
-63.274,-15.933,-74.32,-53.016
-66.933,-58.929,-32.587,-13.73
-32.214,-52.253,-61.232,-69.775
-36.225,-20.197,-39.633,-31.121
-65.394,-37.573,-76.894,-41.833
-57.636,-63.474,-48.036,-82.001
-55.761,-41.039,-65.094,-41.578
-61.636,-76.486,-56.42,-40.549
-61.201,-66.05,-68.784,-55.213
-76.776,-30.623,-42.39,-33.553
-42.768,-71.349,-32.665,-57.564
-43.336,-42.658,-43.817,-49.978
-73.932,-44.762,-54.51,-27.382
-40.44,-70.979,-42.658,-69.983
-28.781,-43.026,-31.882,-48.633
-56.661,-45.291,-39.797,-10.32
-38.625,-72.62,-48.855,-65.719
-38.323,-41.629,-45.159,-55.952
-71.162,-36.096,-59.313,-16.357
-26.608,-64.883,-54.348,-59.029
-53.759,-65.692,-55.759,-37.735
-61.92,-84.135,-46.225,-34.987
-30.156,-60.925,-33.263,-63.21
-68.669,-16.289,-40.708,-41.681
-38.533,-42.826,-33.195,-36.699
-40.73,-80.553,-66.496,-91.489
-47.66,-36.366,-22.239,-31.429
-45.136,-45.416,-48.737,-66.258
-43.838,-76.798,-67.529,-85.308
-58.649,-33.317,-45.751,-15.338
-25.005,-52.881,-52.649,-57.749
-60.589,-64.11,-62.01,-51.562
-63.65,-26.931,-34.544,-30.02
-36.962,-49.521,-34.016,-73.801
-68.959,-53.799,-57.272,-61.706
-62.201,-16.76,-30.912,-26.047
-24.079,-80.239,-52.496,-60.664
-90.041,-71.042,-58.59,-36.315
-81.949,-35.62,-44,-26.711
-41.869,-64.775,-45.302,-79.846
-51.701,-36.964,-40.333,-28.308
-66.693,-28.137,-55.759,-24.605
-31.685,-98.155,-72.014,-51.284
-37.453,-38.443,-53.269,-21.082
-37.069,-25.289,-40.132,-43.601
-32.107,-79.464,-53.585,-88.814
-62.739,-54.607,-48.037,-20.454
-66.986,-71.487,-54.672,-69.129
-40.243,-87.884,-31.283,-67.26
-38.527,-28.586,-46.62,-31.14
-54.252,-53.879,-45.957,-49.253
-45.55,-56.178,-53.303,-67.434
-57.908,-34.335,-41.892,-28.975
-37.056,-45.622,-34.635,-65.133
-68.469,-59.414,-60.299,-78.141
-60.002,-44.7,-59.173,-22.835
-56.483,-60.04,-58.259,-110.09
-63.008,-59.864,-45.454,-57.464
-58.978,-33.174,-53.623,-19.719
-44.282,-44.588,-53.854,-55.207
-41.786,-52.866,-43.981,-46.936
-54.992,-43.183,-49.872,-12.729
-29.968,-50.741,-55.692,-74.753
-47.956,-77.4,-47.022,-37.059
-91.868,-22.789,-51.468,-30.342
-26.255,-55.103,-40.5,-56.979
-61.015,-28.519,-40.024,-47.262
-58.203,-33.537,-28.43,-25.161
-35.515,-71.165,-34.323,-50.184
-70.568,-44.566,-66.861,-44.13
-29.208,-28.905,-31.318,-37.252
-57.676,-78.949,-58.417,-92.151
-46.626,-16.044,-32.142,-18.382
-43.091,-40.709,-49.816,-63.047
-47.86,-72.173,-47.092,-63.168
-51.826,-36.877,-44.994,-25.474
-62.667,-39.193,-71.154,-65.375
-73.182,-59.405,-55.756,-78.685
-82.011,-23.614,-51.502,-22.82
-48.776,-76.215,-50.761,-53.571
-64.027,-59.764,-46.355,-91.726
-53.489,-36.382,-57.209,-37.236
-22.426,-77.044,-57.942,-68.257
-52.201,-33.629,-45.645,-52.304
-63.441,-37.601,-35.497,-35.099
-46.024,-55.151,-41.594,-63.336
-54.368,-42.111,-70.221,-63.104
-90.177,-52.846,-41.182,-18.569
-39.325,-65.893,-42.576,-86.667
-66.275,-38.836,-59.894,-19.745
-65.301,-59.654,-31.884,-34.511
-58.433,-62.252,-64.068,-52.72
-33.857,-18.836,-39.582,-38.614
-68.271,-33.675,-58.857,-56.651
-34.22,-57.397,-74.835,-62.026
-52.498,-37.982,-32.774,-26.051
-57.723,-48.194,-50.364,-52.008
-49.984,-56.824,-46.972,-69.801
-76.956,-30.964,-56.038,-19.931
-28.526,-44.611,-40.937,-61.263
-60.453,-75.089,-53.489,-62.966
-32.908,-41.84,-66.617,-30.081
-33.141,-27.692,-44.025,-36.696
-72.87,-54.61,-47.483,-43.366
-47.81,-37.19,-29.771,-26.237
-35.866,-47.812,-37.56,-55.83
-54.065,-60.909,-51.565,-36.192
-72.847,-37.072,-48.964,-22.306
-38.631,-56.972,-53.372,-69.773
-55.947,-55.684,-29.666,-55.446
-41.078,-34.707,-31.138,-54.008
-59.185,-60.411,-60.46,-61.589
-52.078,-43.907,-35.569,-40.124
-39.674,-24.364,-18.548,-21.711
-64.937,-72.382,-82.857,-64.25
-44.301,-36.53,-38.26,-28.217
-60.955,-59.443,-62.166,-26.394
-36.378,-37.92,-51.026,-84.046
-61.629,-43.815,-37.809,-30.991
-45.754,-54.911,-58.09,-28.212
-63.034,-54.431,-73.448,-49.266
-89.107,-48.229,-50.269,-19.026
-46.755,-67.788,-38.622,-63.769
-47.605,-61.685,-65.517,-55.448
-83.511,-28.252,-62.863,-15.56
-44.702,-41.017,-65.422,-90.65
-70.69,-78.586,-65.26,-65.455
-72.795,-36.471,-46.346,-4.355
-37.285,-43.384,-48.07,-55.474
-49.848,-45.964,-43.543,-34.216
-46.904,-39.909,-62.072,-10.406
-23.801,-64.163,-32.188,-78.315
-67.421,-63.019,-43.442,-41.056
-63.039,-42.255,-33.82,-28.542
-37.152,-61.367,-56.481,-95.429
-51.278,-50.425,-41.27,-32.293
-60.698,-35.898,-62.588,-46.553
-42.987,-58.04,-44.308,-68.655
-49.04,-57.056,-38.456,-32.374
-40.276,-57.875,-39.826,-58.801
-51.241,-56.057,-51.464,-87.3
-62.723,-35.629,-42.384,-62.429
-36.171,-51.635,-56.202,-68.783
-32.894,-48.12,-25.062,-68.492
-75.827,-43.877,-59.996,-37.399
-43.577,-51.65,-49.377,-50.256
-48.295,-64.283,-52.268,-45.136
-45.123,-28.906,-53.086,-21.858
-58.626,-70.223,-36.891,-46.365
-33.57,-39.794,-59.884,-63.511
-121.98,-82.303,-56.498,-16.832
-30.056,-57.373,-33.75,-53.511
-44.101,-40.855,-42.845,-66.809
-88.033,-26.687,-37.987,-4.6871
-37.647,-44.812,-36.935,-67.514
-59.332,-42.778,-64.845,-45.785
-72.932,-40.879,-38.329,-16.219
-39.984,-75.91,-56.823,-90.16
-54.92,-39.744,-45.363,-32.643
-55.104,-48.972,-36.38,-39.864
-44.324,-71.443,-60.095,-75.274
-48.467,-49.998,-53.509,-39.539
-52.567,-39.165,-49.467,-36.422
-38.825,-67.311,-63.777,-61.201
-81.13,-35.794,-35.192,-26.703
-47.06,-35.07,-48.481,-52.185
-46.802,-75.028,-41.67,-72.207
-53.412,-37.193,-44.144,3.3494
-35.989,-48.233,-42.163,-66.908
-73.303,-75.022,-62.913,-66.447
-70.777,-47.34,-45.785,-7.4309
-32.635,-44.39,-43.064,-50.561
-57.014,-54.201,-69.814,-44.852
-57.834,-34.913,-50.072,-16.226
-30.777,-76.914,-60.03,-84.98
-52.464,-57.26,-65.247,-43.513
-66.383,-43.904,-53.731,-29.951
-37.431,-43.437,-45.657,-79.267
-48.495,-49.75,-53.666,-40.601
-30.826,-29.753,-32.743,-0.41205
-49.024,-73.963,-78.009,-83.565
-72.676,-56.996,-41.418,-35.911
-75.759,-39.136,-54.229,-23.085
-51.398,-56.961,-61.643,-80.828
-72.581,-31.915,-48.863,-22.431
-47.218,-48.956,-48.121,-39.837
-32.418,-64.056,-36.523,-51.353
-71.828,-40.281,-62.457,-40.242
-54.234,-44.667,-36.804,-32.841
-66.139,-49.34,-49.958,-61.597
-71.03,-45.95,-69.186,-33.446
-51.847,-69.786,-50.918,-37.887
-45.778,-58.078,-50.779,-54.482
-76.958,-31.867,-49.822,-4.639
-27.671,-38.801,-30.782,-58.969
-59.623,-48.618,-42.884,-75.702
-69.765,-32.576,-35.416,-46.967
-43.388,-30.766,-61.922,-72.58
-50.18,-42.771,-49.997,-55.725
-62.808,-29.845,-66.411,-47.955
-51.795,-69.505,-62.376,-94.301
-40.965,-47.84,-44.754,-35.853
-42.673,-41.761,-25.633,-26.025
-28.475,-56.064,-91.671,-56.675
-63.044,-63.317,-47.482,-37.844
-64.216,-24.578,-31.12,-17.479
-37.451,-78.068,-49.443,-58.124
-51.496,-60.443,-49.182,-48.808
-80.039,-50.941,-51.503,-42.565
-52.385,-124.19,-62.82,-89.393
-67.853,-15.67,-40.529,-21.042
-30.721,-38.607,-44.518,-71.978
-38.495,-92.358,-81.339,-70.06
-68.726,-35.185,-47.065,-17.022
-29.014,-39.244,-51.414,-37.027
-52.147,-59.397,-59.224,-57.917
-65.644,-36.916,-39.633,-18.536
-40.324,-45.08,-34.665,-57.934
-58.574,-67.762,-71.057,-38.864
-57.539,-52.983,-45.983,-27.497
-39.83,-43.125,-65.977,-73.904
-55.952,-64.927,-45.553,-72.595
-66.367,-40.568,-36.595,-35.606
-32.598,-53.906,-46.239,-54.602
-53.774,-44.407,-54.621,-49.534
-72.026,-46.346,-54.029,-24.231
-45.399,-78.358,-44.558,-69.272
-40.41,-45.934,-43.098,-43.364
-39.946,-43.85,-45.222,-47.067
-52.424,-64.85,-64.128,-59.807
-60.855,-40.43,-42.175,-32.423
-41.931,-57.139,-54.324,-20.114
-47.193,-47.373,-53.945,-69.702
-56.555,-41.823,-39.039,-49.98
-41.451,-48.02,-51.854,-29.935
-25.825,-80.063,-50.27,-46.035
-53.717,-28.317,-60.779,-11.415
-26.288,-37.867,-29.096,-24.811
-61.85,-64.607,-52.847,-77.665
-45.31,-27.781,-27.854,-17.427
-32.195,-67.469,-60.733,-39.152
-44.78,-53.89,-39.778,-51.254
-61.319,-32.446,-63.792,-27.032
-48.416,-71.851,-52.066,-67.739
-51.762,-68.046,-43.537,-57.095
-54.428,-16.914,-36.697,-14.833
-33.061,-61.668,-65.331,-91.834
-45.128,-67.337,-64.131,-43.867
-42.195,-9.352,-49.08,-24.636
-50.726,-58.363,-48.423,-60.631
-46.853,-72.492,-52.597,-52.854
-49.763,-23.305,-61.874,-51.484
-49.708,-106.25,-43.302,-75.046
-60.248,-35.126,-52.946,-54.958
-50.926,-27.522,-50.14,-24.503
-30.518,-87.496,-48.987,-99.005
-43.526,-26.495,-37.035,-54.868
-35.634,-34.571,-41.416,-112.34
-29.842,-94.76,-59.587,-42.78
-78.437,-46.776,-55.248,-57.399
-33.165,-47.117,-54.448,-35.416
-40.902,-74.742,-66.975,-33.106
-78.382,-36.708,-58.878,-32.266
-51.81,-41.165,-56.939,-40.18
-49.436,-41.165,-64.626,-59.839
-61.691,-25.258,-51.933,-26.137
-27.355,-31.331,-29.889,-57.17
-56.442,-50.692,-67.064,-51.946
-54.341,-39.743,-74.124,-20.06
-45.51,-61.382,-43.116,-56.334
-40.041,-39.285,-34.651,-58.627
-74.209,-34.069,-47,-27.865
-40.314,-71.102,-57.993,-68.265
-45.012,-57.13,-41.261,-55.818
-79.084,-21.187,-44.699,-43.496
-49.456,-42.861,-64.217,-46.447
-55.663,-41.232,-60.275,-29.628
-99.161,-25.338,-66.318,-11.269
-42.379,-55.333,-89.6,-83.627
-77.672,-37.553,-45.857,-24.672
-30.076,-19.217,-19.126,-10.63
-35.336,-75.978,-49.379,-75.642
-74.622,-16.563,-58.44,-18.716
-41.135,-39.045,-29.999,-38.548
-49.72,-56.325,-65.651,-84.964
-53.206,-66.126,-66.389,-9.8788
-42.631,-45.542,-36.682,-46.946
-41.624,-59.009,-41.649,-48.145
-75.158,-25.383,-67.941,-26.547
-46.035,-62.166,-74.996,-69.269
-43.949,-57.36,-62.844,-64.38
-44.605,-31.19,-26.452,-19.16
-47.831,-54.657,-38.407,-45.627
-62.362,-48.57,-55.751,-62.858
-61.184,-52.267,-25.017,-33.151
-19.104,-85.927,-40.958,-88.091
-70.579,-56.122,-58.543,-44.32
-88.206,-35.893,-38.231,-18.215
-34.675,-76.344,-52.033,-97.296
-48.46,-39.71,-54.967,-50.358
-55.326,-43.152,-44.474,-9.5525
-33.622,-71.291,-60.296,-81.08
-55.947,-54.907,-51.765,-33.943
-58.222,-44.132,-42.79,-29.633
-41.539,-83.819,-51.05,-101.58
-80.212,-60.611,-56.138,-9.8122
-56.884,-25.457,-66.173,-65.083
-43.902,-73.073,-48.243,-74.585
-61.155,-41.59,-35.526,-14.514
-49.345,-45.038,-33.9,-51.432
-44.528,-68.128,-68.837,-82.081
-60.571,-55.111,-32.659,-32.925
-37.146,-46.454,-45.759,-78.72
-37.882,-50.166,-51.11,-86.736
-60.198,-21.03,-39.047,-34.17
-46.536,-69.136,-48.739,-77.265
-40.576,-37.828,-36.535,-60.59
-54.16,-45.255,-38.098,-16.367
-25.694,-51.024,-56.224,-43.28
-55.88,-84.281,-58.472,-45.084
-46.793,-29.86,-44.861,-17.827
-45.318,-77.894,-61.354,-74.316
-50.295,-35.726,-44.672,-26.576
-83.535,-43.645,-52.865,-32.82
-37.357,-64.311,-60.913,-58.982
-63.713,-28.211,-39.958,-42.772
-64.504,-43.601,-49.228,-33.381
-42.573,-56.881,-74.935,-79.646
-64.219,-26.407,-37.736,-30.954
-38.333,-41.221,-29.713,-42.08
-35.688,-52.658,-48.823,-58.417
-64.219,-24.628,-57.208,-27.049
-40.933,-53.904,-49.655,-47.822
-62.12,-51.803,-77.864,-53.856
-39.366,-23.413,-32.433,-23.612
-40.928,-45.739,-51.304,-33.25
-68.128,-51.076,-63.73,-53.949
-82.781,-49.146,-69.795,-31.399
-46.388,-76.574,-52.967,-43.968
-56.746,-46.948,-47.025,-55.325
-60.726,-53.404,-53.942,-20.927
-33.982,-42.651,-48.847,-66.91
-55.73,-62.925,-55.017,-43.565
-68.294,-31.444,-29.274,-16.192
-43.371,-59.839,-47.458,-74.681
-31.136,-58.327,-47.137,-67.004
-56.775,-52.197,-38.227,-9.7372
-47.02,-58.029,-68.567,-66.917
-44.751,-44.478,-49.785,-68.948
-37.609,-55.186,-23.194,-22.093
-58.937,-44.335,-35.401,-54.13
-45.925,-27.992,-51.232,-48.134
-59.211,-44.309,-53.541,-23.063
-69.267,-54.28,-58.978,-69.436
-49.447,-38.625,-48.834,-30.184
-53.064,-46.348,-47.269,-47.425
-73.93,-54.51,-59.226,-56.575
-49.345,-44.329,-60.56,-35.523
-44.851,-43.329,-43.961,-53.583
-40.194,-63.031,-36.632,-54.837
-45.775,-32.628,-61.846,-24.783
-59.436,-66.218,-46.704,-38.645
-49.079,-35.362,-58.646,-92.665
-55.872,-58.083,-52.836,-21.424
-38.488,-54.539,-48.106,-43.331
-36.884,-58.355,-58.232,-71.038
-86.739,-56.755,-56.248,-26.323
-35.907,-59.234,-34.567,-37.969
-55.928,-51.443,-52.478,-59.336
-63.257,-49.133,-50.702,-36.243
-52.825,-64.559,-64.606,-66.435
-51.828,-34.965,-58.717,-46.758
-55.71,-53.63,-33.752,-47.498
-65.624,-62.544,-65.681,-79.047
-45.581,-43.767,-53.186,-60.888
-47.713,-36.537,-52.822,-42.39
-44.423,-48.301,-55.17,-51.246
-51.177,-45.078,-37.15,-59.372
-63.754,-58.622,-37.059,-35.117
-71.232,-51.764,-67.965,-74.984
-66.68,-38.187,-46.608,-42.829
-72.644,-62.514,-52.296,-48.881
-53.519,-49.851,-60.671,-59.644
-77.742,-58.179,-70.528,-25.382
-41.329,-78.157,-39.428,-48.062
-57.504,-57.864,-57.388,-67.072
-45.058,-33.662,-51.665,-33.808
-78.54,-53.838,-64.939,-32.272
-34.021,-51.609,-75.369,-58.213
-69.783,-42.025,-33.904,-28.499
-44.832,-83.081,-57.734,-71.427
-71.164,-53.84,-51.934,-60.065
-62.059,-47.628,-49.307,-22.445
-59.049,-77.084,-71.366,-66.838
-18.771,-44.443,-30.394,-52.845
-76.126,-27.915,-52.832,-22.611
-59.155,-43.443,-62.603,-64.483
-26.257,-40.229,-43.365,-32.535
-49.405,-54.153,-24.6,-29.154
-60.78,-34.251,-55.748,-69.48
-51.865,-45.272,-52.201,-53.574
-51.23,-47.425,-27.578,-50.261
-36.301,-56.282,-42.216,-59.692
-48.944,-40.209,-55.916,-61.451
-76.155,-69.023,-58.45,-33.865
-44.988,-31.808,-56.956,-70.158
-60.939,-30.956,-66.049,-42.899
-62.439,-96.344,-32.127,-47.598
-42.975,-44.67,-56.03,-40.886
-64.061,-57.114,-57.293,-51.732
-51.764,-45.83,-43.084,-55.013
-32.695,-28.303,-49.399,-53.615
-78.045,-57.664,-45.127,-39.121
-50.744,-55.198,-47.372,-47.748
-22.227,-28.86,-40.947,-45.004
-84.183,-46.745,-33.041,-33.823
-72.539,-67.963,-62.828,-70.088
-27.388,-29.811,-44.979,-62.078
-61.831,-51.762,-45.002,-19.517
-52.583,-85.598,-65.321,-66.661
-46.031,-37.088,-52,-55.159
-45.46,-53.742,-49.823,-19.277
-63.567,-72.843,-45.922,-80.843
-58.16,-32.582,-63.249,-57.016
-65.887,-62.227,-39.176,-57.694
-44.377,-59.346,-39.087,-77.166
-63.543,-34.486,-41.485,-64.378
-47.499,-66.962,-44.007,-28.211
-44.578,-61.798,-57.975,-72.941
-46.838,-28.51,-62.19,-57.345
-66.769,-64.113,-62.686,-41.516
-34.469,-50.323,-60.294,-62.324
-93.122,-62.959,-43.87,-28.701
-40.575,-73.981,-60.743,-47.105
-51.035,-33.049,-75.753,-91.552
-83.29,-60.757,-38.123,-18.571
-47.569,-52.392,-55.719,-70.926
-54.474,-39.737,-60.349,-50.711
-57.689,-57.213,-30.644,-33.918
-37.336,-57.58,-36.426,-51.467
-54.339,-50.053,-55.108,-48.572
-60.239,-25.596,-30.478,-21.413
-63.683,-46.062,-48.68,-74.543
-63.277,-39.6,-76.518,-19.058
-56.091,-50.365,-32.165,-42.779
-39.293,-47.138,-39.002,-77.831
-66.756,-65.033,-61.96,-29.741
-73.208,-35.545,-68.08,-26.709
-46.502,-56.098,-47.214,-64.6
-90.958,-32.824,-32.92,-19.789
-43.41,-46.697,-51.093,-40.154
-20.393,-47.495,-68.252,-58.282
-70.814,-46.894,-50.186,-7.7771
-36.236,-52.512,-34.554,-55.305
-38.797,-55.908,-39.345,-75.939
-66.128,-32.857,-51.14,-16.557
-48.848,-69.614,-48.346,-72.466
-40.83,-32.701,-65.646,-62.986
-71.629,-43.104,-25.991,-14.445
-42.833,-72.523,-64.093,-108.54
-41.309,-30.8,-28.409,-41.79
-76.277,-52.28,-68.053,-22.484
-41.582,-50.913,-56.5,-94.573
-83.001,-38.175,-53.206,-44.855
-55.547,-34.13,-44.794,-14.547
-39.341,-68,-47.892,-89.34
-75.41,-54.008,-34.331,-18.632
-44.171,-32.121,-53.19,-51.333
-38.113,-72.472,-42.1,-85.406
-71.061,-29.712,-59.878,-8.2128
-30.853,-64.16,-34.497,-62.147
-48.291,-76.172,-70.026,-68.317
-72.502,-33.092,-68.049,-8.1502
-28.206,-52.168,-54.856,-67.333
-48.808,-70.58,-50.795,-67.03
-59.886,-26.776,-60.436,-8.877
-30.233,-59.757,-25.05,-79.686
-69.977,-69.564,-68.128,-48.767
-79.308,-39.064,-37.491,-16.581
-22.268,-46.845,-61.146,-78.495
-48.112,-36.724,-43.338,-55.522
-65.04,-39.205,-41.803,-36.255
-29.404,-61.055,-52.094,-73.735
-54.125,-56.918,-67.373,-58.234
-38.269,-31.57,-42.46,-42.835
-61.39,-56.308,-57.387,-73.73
-69.478,-43.884,-57.093,-40.436
-53.067,-44.956,-56.964,-72.009
-40.987,-79.812,-35.31,-68.87
-56.072,-39.806,-52.694,-41.936
-62.889,-58.404,-69.19,-41.043
-60.21,-81.798,-53.434,-60.178
-44.407,-24.712,-51.479,-38.459
-48.182,-66.285,-49.776,-45.23
-46.872,-60.758,-63.047,-69.572
-105.4,-43.858,-39.352,-10.085
-26.775,-64.467,-25.625,-79.255
-61.018,-40.441,-41.449,-58.506
-61.932,-24.049,-37.335,-2.6861
-21.364,-63.817,-49.662,-78.259
-59.803,-48.398,-41.655,-46.952
-66.488,-31.279,-57.958,-19.481
-37.487,-84.188,-55.767,-86.543
-45.677,-33.981,-52.936,-45.462
-48.048,-49.183,-30.559,-22.028
-48.82,-70.724,-52.467,-85.548
-66.096,-56.951,-65.346,-34.374
-37.082,-32.302,-35.769,-24.877
