-0.052209,-0.096136,-0.22269,-0.16939
0.15295,0.14574,0.46524,-0.24477
0.032973,-0.12677,0.036198,-0.07409
-0.25096,0.34406,-0.072063,0.28543
-0.57452,0.58207,0.025283,0.18563
0.035492,-0.19947,-0.31808,0.021972
-0.46174,-0.59107,-0.020498,0.092563
0.024781,-0.57687,-0.46553,-0.45406
0.44553,0.17125,0.051614,-0.19115
0.045201,-0.73804,-0.38718,-0.14448
-0.077492,-0.13783,0.42875,0.17213
0.042665,0.25254,0.2458,-0.63448
0.40148,-0.22537,-0.33807,-0.85848
-0.21965,-0.1888,0.030243,-0.11406
0.49388,-0.23651,0.24769,-0.39667
0.41736,-0.30791,-0.05417,0.44103
0.63602,0.033027,0.31153,0.25994
0.045634,0.028555,-0.34411,0.0151
-0.31068,-0.41638,-0.28975,-0.39747
0.27497,-0.50896,0.18377,-0.43285
0.49957,0.16159,0.17888,-0.39651
0.0077637,0.77654,-0.69146,0.055301
-0.012019,-0.20301,0.2234,0.0071844
-0.065633,-0.85375,-0.22847,0.1957
0.23562,0.086453,-0.075114,-0.04936
0.13366,-0.19113,-0.15713,-0.0461
0.23992,-0.20869,0.30788,0.32636
0.24435,-0.9612,-0.42412,-1.2018
0.087944,-1.5117,0.31913,-0.19775
-0.50467,-0.467,0.1415,0.17185
0.23343,0.35643,0.15028,0.58605
-0.39143,0.12654,0.056145,-0.24084
-0.3506,0.41519,0.43179,0.24521
0.059157,-0.45367,-0.21399,-0.072425
0.30967,0.70993,-0.30664,0.29514
-0.81924,-0.15513,-0.14069,-0.11775
0.33784,-0.27594,0.045926,0.42519
0.084267,-0.32809,-0.059463,0.059066
0.53176,-0.54487,0.37898,-1.5648
0.15365,-0.11629,-0.097296,-0.14321
0.39441,-0.024593,-0.23436,0.47791
0.16341,0.017405,-0.19359,0.28086
0.081433,-0.075788,-0.26633,-0.37832
0.003351,-0.15584,0.070057,-0.13562
0.075403,-0.077553,-0.42958,-0.1349
0.21656,-0.45101,-0.39325,-0.17645
-0.18028,-0.67602,-0.20842,0.22945
0.046854,0.065239,-0.094646,-0.43314
0.26575,-0.033046,-0.79448,-0.83354
-0.039113,-0.74481,-0.45053,-0.20067
0.10715,0.16202,0.18255,-0.6991
0.18653,-0.15886,-0.56037,-0.15973
0.29905,-0.087233,-0.33707,-0.12495
0.48834,-0.44473,-0.20244,-0.68849
0.1648,0.33046,-0.44284,0.0045048
-0.0089128,-0.079614,0.049222,0.14038
-0.1713,0.15407,0.18738,-0.11012
0.3003,-0.36175,0.055232,-0.31839
-0.47642,-0.36216,-0.10932,0.15083
-0.85961,-0.61719,0.50438,0.51256
0.21994,-0.083179,-0.43167,0.094882
0.46905,-0.2478,-0.12255,0.14366
0.24748,-0.15324,-0.22043,-0.14957
-0.16617,-0.015682,0.0090065,-0.36692
0.34598,-0.20277,-0.34426,-0.48016
0.037365,-0.15104,-0.088978,0.41994
-0.27759,0.21274,-0.20506,-0.046876
-0.049855,0.33443,-0.17665,0.46747
-0.30775,-0.058725,0.54856,-0.29558
-0.19781,-0.44216,0.014164,-0.27337
-0.15841,0.025147,-0.12232,0.14374
-0.053864,0.043952,-0.86114,0.40842
0.096064,0.1535,-0.13022,0.16534
0.36227,0.1004,0.31499,0.047339
0.023149,0.091946,0.12902,-0.35019
0.44482,0.21312,-0.11161,0.056756
0.12508,-0.18597,-0.30229,-0.10045
0.27245,0.26798,0.10142,0.10771
-0.44471,0.11119,0.19533,0.063022
0.22682,0.035563,-0.262,-0.33391
-0.064689,0.22714,0.088133,-0.37485
0.3317,0.46043,-0.39963,-0.056386
0.16669,-0.17544,-0.05833,-0.23086
0.21379,0.41378,-0.61332,0.18751
0.45842,-0.15936,-0.19961,-0.10747
0.11578,-0.28341,-0.59814,0.0028785
0.20114,0.28242,0.092697,-0.087243
-0.30689,-0.16027,0.22741,0.19963
0.072364,-0.46713,0.39172,-0.068795
0.13351,-0.15422,-0.23365,-0.45242
-0.036267,-0.71426,0.77785,-0.00083369
-0.28286,0.88128,-0.028142,0.090688
0.14377,0.30881,-0.0169,0.3185
-0.27209,-0.23278,0.01191,-0.27641
0.51624,0.47284,-0.094743,-0.2373
0.13579,-0.14986,-0.18703,-0.72238
0.032278,0.53319,0.14959,0.10339
-0.2436,0.37717,-0.21527,-0.14927
0.073602,0.28893,-0.12032,0.11503
0.0095327,-0.30081,0.18326,-0.5898
0.45232,-0.093645,-0.037507,-0.042322
-0.1236,-0.32708,0.11074,0.018927
0.27045,-0.19472,0.50603,-0.039486
-0.05118,-0.10794,-0.1872,-0.23261
0.25636,-0.43484,0.35267,0.2983
0.31598,-0.31138,0.32111,-0.66444
-0.47376,-0.14759,-0.56955,-0.1356
0.12238,0.10275,-0.032854,0.063698
-0.19474,-0.22008,-0.41927,0.61255
-0.35287,0.44361,-0.43338,-0.05448
0.45411,0.28997,-0.17516,0.33248
0.030242,0.19016,-0.65791,0.21706
0.027285,-0.12766,0.51978,-1.1668
-0.032912,-0.18339,-0.19464,-0.62176
0.017733,0.28914,-0.36789,0.49443
0.20657,-0.0573,-0.44533,-0.15687
0.7411,0.16609,-0.2423,-0.17517
0.090292,-0.15835,0.23232,-0.35908
0.40415,-0.25396,-0.29033,-0.45998
-0.34106,0.1369,-0.014239,-0.29585
0.2532,0.30927,-0.16057,0.73695
0.44424,0.073459,-0.40758,0.50897
0.20644,-0.019921,-0.30771,0.070515
0.54497,-0.36454,-0.041351,-0.71625
-0.18794,-0.23625,-0.53582,0.17205
0.036792,-0.61631,-0.030443,-0.32395
0.64967,-0.34574,-0.026014,-0.32166
0.21811,0.36263,0.0035341,-0.30364
-0.50585,0.13944,-0.44699,0.16994
-0.45806,-0.11482,0.58287,0.31993
0.010576,-0.23491,-0.008858,-0.19837
-0.24716,0.58521,0.20197,-0.53238
-0.17784,0.035399,-0.31717,0.050971
0.30172,-0.46466,-0.21166,0.40402
-0.14917,0.19884,0.28835,0.32493
0.46706,0.00051633,0.27628,0.47872
-0.14325,-0.11118,0.39388,0.36921
0.44426,0.31076,-0.32327,-0.23099
0.2373,-0.13446,-0.16435,-0.38185
0.087871,-0.39739,0.42298,-0.010145
-0.50871,0.24674,-0.27215,0.092632
0.2068,0.36858,0.03697,-0.2856
0.11531,0.33584,0.35258,-0.13915
0.32597,-0.43218,0.60437,-0.34283
-0.08623,-0.46625,0.16418,-0.12568
0.22175,0.39474,0.029923,-0.093842
0.3841,-0.60558,-0.8622,0.2726
-0.01086,-0.11732,-0.23832,0.20439
-0.10003,0.010912,0.37828,0.10929
0.41861,0.008152,0.29903,0.33086
-0.18949,-0.66658,-0.05392,0.023614
0.54821,0.13141,-0.33048,0.12945
-0.46254,-0.093014,0.49797,0.48095
0.37989,0.042289,0.12333,0.2199
0.10275,-0.4492,0.30214,-0.16742
-0.03297,-0.40026,0.13723,0.18537
0.14212,0.064019,0.37698,-0.4577
0.23502,-0.10464,-0.84281,0.56527
0.13767,-0.097941,-0.16268,-0.2003
-0.29671,-0.24451,-0.21163,0.016842
0.46189,-0.24898,-0.12421,0.25771
0.0079382,-0.0032975,-0.19061,-0.82573
0.0032988,-0.11305,0.18826,0.071248
0.26703,0.11327,-0.27721,-0.33616
0.090683,0.30396,0.08294,0.023251
0.14118,-0.19066,-0.28009,-0.21825
0.017026,0.082562,0.31225,-0.15066
0.018499,-0.086827,0.24629,0.32025
0.36234,-0.0064044,-0.25994,-0.27107
0.24558,-0.29242,-0.26109,0.13001
0.45126,-0.34941,0.1839,-0.64939
-0.042726,0.074224,-0.37317,-0.20156
0.71919,-0.089267,-0.69525,-0.066417
-0.1117,0.017855,0.017253,-0.046013
0.1098,0.020753,0.27343,-0.97671
-0.11144,-0.043312,0.098362,0.17415
0.45943,0.2611,-0.069349,0.63864
0.23639,0.33516,-0.55607,0.38783
-0.087205,0.024167,0.65292,-0.0013752
0.032577,-0.14556,0.0027515,-0.20474
0.096812,-0.19805,-0.036877,0.28294
-0.12946,-0.45542,-0.28634,-0.0052812
-0.18709,-0.35386,-0.61979,0.58806
-0.68686,0.35167,0.48678,0.5746
0.41978,-0.30741,-0.46189,-0.0067894
-0.01781,-0.21617,0.31954,-0.49341
-0.032692,0.1146,0.19105,-0.35891
-0.44643,-0.23268,-0.16546,-0.15325
0.40793,0.012856,-0.036733,0.28475
-0.44136,0.70368,0.29159,0.20765
-0.23847,0.46282,-0.80976,0.13422
0.039228,-0.1733,0.49402,-0.66245
-0.15646,-0.36176,0.050005,-1.0628
0.26516,-0.13075,0.16915,-0.22872
0.13952,-0.75292,-0.92666,-0.031536
0.25127,0.06908,-0.64439,-0.41041
-0.14533,-0.12447,0.24298,0.068483
0.14735,-0.55595,-0.29374,0.17073
0.44985,-0.35938,-0.00049775,0.11727
0.059316,-0.098938,-0.71926,0.0091821
0.17689,-1.0584,-0.3641,0.10365
0.097601,-0.43716,0.98753,-0.10213
-0.2139,0.35129,-0.79778,-0.3409
-0.045344,-0.086651,0.55497,-0.077769
0.31721,0.0012435,0.22742,-0.28955
-0.048927,-0.23725,0.15303,0.40822
0.029731,-0.58441,-0.2414,0.10595
0.39995,-0.4369,0.045132,-0.11663
-0.12144,-0.11133,-0.27934,0.39456
0.74998,0.78499,-0.0094121,0.40726
-0.42325,-0.65948,0.1327,0.26387
0.038625,-0.059956,-0.25383,0.36685
-0.71547,-0.51777,-0.02268,-0.084359
0.067678,-0.21018,0.91772,1.5792
-0.12765,-0.3586,-0.061963,0.3386
0.45387,0.15608,-0.41691,0.13485
-0.19029,0.19317,0.012357,-0.056138
0.07002,0.21327,0.038867,0.10808
-0.035246,-0.19495,-0.37552,0.2525
0.094616,-0.23823,-0.13705,-0.064623
-0.53003,0.40352,-0.078156,-0.24828
0.53955,-0.10363,-1.1516,-0.18742
0.011737,-0.12268,-0.12815,-0.046551
0.30195,-0.53925,-0.10006,-1.0765
0.45162,-0.048452,-0.044313,0.0083729
0.13555,0.25859,0.13637,0.21929
-0.24262,-0.043552,0.14658,-0.053045
-0.00798,-0.16382,-0.53875,-0.023685
0.16206,-0.53273,0.10354,-0.81932
0.15027,-0.10347,-0.16797,-0.71007
0.27465,-0.54671,0.2345,-0.19476
0.093877,-0.016703,0.33772,0.17383
0.13858,0.1849,0.28573,-0.28964
0.10491,-0.16061,0.001124,-0.89447
0.38165,0.04932,0.12462,-0.83468
0.30751,0.085559,0.0081975,-0.47299
0.12431,-0.28663,-0.24646,-0.51436
-0.25295,0.035658,-0.16184,0.011516
-0.054695,0.42028,-0.1932,-0.2992
0.027635,0.30582,-0.20041,-0.071216
0.28377,-0.0042569,0.33234,-1.0296
-0.12404,-0.55443,0.043428,-0.18665
-0.12161,-0.25784,-0.1256,-0.13777
-0.29569,0.15354,0.067769,1.2053
0.020813,-0.22417,0.3454,0.25229
-0.045354,-0.067982,-0.17191,0.11803
0.26324,0.067487,-0.49052,0.10518
0.14,-0.20589,-0.093836,-0.2391
-0.24503,-0.28261,-0.0053397,-0.092659
0.34425,-0.6004,0.016102,-0.16158
0.34647,0.097505,0.45971,-0.14576
-0.54574,0.2585,0.15247,0.52459
-0.62147,0.25696,-0.46864,-0.25686
-0.19214,-0.37443,-0.17407,-0.0044774
0.63931,-0.57488,0.28294,-0.034155
-0.03501,0.33645,-0.096116,-0.29933
-0.12105,-0.018536,-0.39007,0.59747
-0.031476,0.017326,0.27278,0.2073
0.14554,-0.066461,0.86036,0.25978
-0.17085,-0.16135,0.48273,-0.22048
0.20833,-0.23188,-0.069346,0.24664
-0.1247,-0.1878,0.010785,0.058841
0.49666,-0.44297,0.13719,-0.12953
0.17384,0.17301,0.074267,-0.019612
0.12071,0.03447,-0.15321,-0.86797
-0.12469,-0.4031,0.41002,-0.33299
0.29758,-0.48403,-0.30345,-0.38824
0.21467,0.19811,-0.1086,0.055073
-0.15373,0.42065,-0.16802,0.16414
0.21026,-0.17727,-0.22822,-0.040077
0.2876,0.03316,-0.46984,0.2714
0.20873,-0.83073,0.19919,-0.43962
0.032666,0.092047,-0.043195,0.31632
0.22557,-0.9217,-0.36561,-0.2991
0.015968,0.06475,0.053244,0.18717
-0.07487,-1.2058,0.28759,0.13848
0.041787,-0.23903,-0.68118,-0.059625
-0.06419,-0.82715,-0.11181,-0.14652
0.081724,-0.1673,-0.25027,-0.14512
1.1021,-0.82346,0.38813,-0.40841
0.20265,-1.4922,-0.18791,-0.28695
0.013671,-0.56849,-0.31912,0.15687
-0.64255,-0.33885,-0.27929,-0.27311
0.085405,-0.10191,-0.71767,-0.010039
-0.12874,-0.48885,-0.048613,0.069207
-0.096903,-0.76649,0.48346,-0.27829
-0.024214,-0.15106,0.061807,0.02966
0.50013,-0.17549,1.2002,0.41682
0.010938,-0.39568,0.090865,0.23202
-0.072271,-0.6314,0.19716,0.18923
0.2925,-0.29074,0.1814,-0.53479
-0.35178,-0.34973,0.0027336,-0.25044
-0.20798,-0.15634,-0.20086,-0.010512
0.32864,0.042526,-0.72142,0.31732
-0.24901,0.070463,-0.17902,-0.38731
-0.10073,0.093653,-0.054768,0.16257
-0.093421,0.052205,-0.078724,0.2492
0.36071,-0.38911,0.17322,-0.76262
-0.2963,-0.30812,-0.3691,0.20797
0.27878,0.47988,-0.17843,0.33438
0.36029,0.34593,-0.47509,0.017787
-0.12755,0.37796,-0.31885,-0.18933
-0.11637,-0.024907,0.070314,0.000921
0.051959,0.0094585,0.022482,0.213
-0.33331,-0.20211,-0.15457,-0.48832
-0.74015,0.38037,0.070723,-0.072719
-0.21075,0.54213,-0.20932,0.11544
0.20981,0.52882,-0.25023,0.42524
-0.03667,0.35477,-0.16697,-0.46046
0.27564,-0.049734,-0.31969,-0.38922
0.25459,-0.29629,-0.21326,-0.72794
0.50167,-0.47425,-1.0437,-0.6904
0.047751,-0.13584,-0.26597,-0.56243
-0.12245,0.032321,-0.32316,0.16683
-0.2838,-0.15258,0.4057,-0.16991
-0.16109,-0.23304,0.016622,-0.42159
-0.35554,0.20486,0.10613,-0.19448
-0.1323,-0.3158,-0.34944,-0.1585
0.53037,0.087836,-0.76907,-0.49612
-0.029763,-0.10465,0.30674,-0.41021
0.4476,0.11422,-0.0082979,-0.1892
0.18093,-0.54251,0.24017,-0.33863
-0.13013,-0.67299,-0.0093516,0.18675
-0.13052,-0.60476,-0.25029,0.3957
-0.29151,0.15909,-0.44362,0.10133
-0.499,0.090039,0.20116,-0.10121
0.31839,0.52287,0.16361,-0.14203
0.028462,0.15775,0.18765,-0.53427
0.64718,-0.71646,0.33856,-0.25786
-0.13231,-0.16727,-0.055135,0.50001
0.073536,0.091332,-0.33065,0.47807
0.1839,-0.22045,-0.88091,0.17722
0.025264,0.32935,0.30002,0.15825
-0.41134,-0.29395,0.30524,0.43052
-0.27541,-0.086511,0.1167,0.1379
-0.08211,-0.16661,-0.017613,0.21659
0.38735,-0.062316,-0.41408,0.032332
-0.073103,-0.19513,0.0046249,0.23882
0.22941,0.17872,0.022272,-0.19221
-0.12436,-0.11762,0.14663,0.19507
-0.017314,0.68662,-0.17411,0.18097
0.23079,-0.23025,-0.19182,-0.3106
-0.21104,-0.24521,-0.15952,-0.23675
0.23384,0.67046,-0.012775,-0.13047
-0.12071,-0.075765,-0.46324,0.20537
0.38896,0.29811,0.25657,0.08352
-0.11625,-0.074585,0.14445,0.03967
-0.12972,-0.14,0.18324,0.12053
0.0065918,0.028772,-0.11285,0.21184
-0.21682,-0.32732,0.59871,0.021641
0.43897,-0.077194,0.35796,-0.32762
0.047493,-0.37867,0.28189,-0.56996
-0.098297,-0.12084,0.14089,-0.35366
0.32803,0.28852,-0.17262,-0.52849
0.1093,-0.096069,-0.56506,0.21163
0.028565,-0.15172,0.077368,-0.23256
0.047881,-0.028455,-0.54986,-0.38319
-0.2251,-0.10277,0.16097,0.10892
-0.11259,-0.084211,0.075854,-0.11155
0.18872,0.22067,0.35097,0.23293
-0.30531,-0.82344,-0.090375,0.15618
0.72803,0.80556,-0.30023,0.23896
0.51085,0.1468,0.081006,-0.344
0.24075,0.17485,0.18405,0.5581
-0.28373,-0.13663,0.1887,-0.33079
0.55762,-0.28972,0.30525,-0.36839
-0.22762,0.00017892,-0.19934,-0.053989
0.032374,0.10395,-0.35864,0.34304
0.094216,-0.18813,-0.050075,0.29395
0.42082,0.34189,-0.1277,0.34226
-0.2015,-0.32662,-0.18883,-0.43544
0.59472,0.27459,-0.19284,-0.38378
-0.22869,-0.58336,-0.6079,-0.21943
0.0028272,-0.20751,0.24493,-0.013268
-0.19197,-0.17813,0.088189,0.18371
-0.11028,0.17187,-0.52448,0.2486
0.24478,0.21628,0.077806,-0.15572
0.13022,0.053344,-0.046544,-0.0047069
-0.077366,0.28619,0.064011,0.00082367
-0.45518,-0.38283,-0.56835,0.11574
0.88649,-0.37705,-0.50574,0.34508
0.29301,0.61619,0.8195,0.86527
0.060012,-0.23288,0.19383,1.2301
0.1322,0.17189,-0.12534,-0.7039
0.46269,-0.18563,-0.49371,0.84308
0.11452,-0.11402,0.046017,0.11419
0.18984,0.50138,0.79137,0.23294
-0.29414,0.19871,-0.067232,-0.93441
0.1484,0.044172,-0.17535,-0.24757
0.17417,0.11794,0.27684,0.084594
0.13484,-0.29438,0.2515,-0.50383
0.0076491,-0.52054,-0.31158,-0.041126
0.14987,-0.63247,-0.38848,-0.19766
0.28905,-0.18024,-1.1203,0.051206
0.01253,0.26266,-0.40387,0.613
-0.16704,0.11227,0.11932,0.028195
-0.48825,-0.33119,0.095714,0.92645
1.0879,-0.44919,0.30008,0.094848
-0.055446,-0.60083,0.21508,-0.13369
-0.39141,-0.22895,0.11394,0.12562
0.024862,-0.31183,0.17128,0.23841
-0.3775,-0.0054136,0.081082,-0.017518
0.064173,0.67742,0.1449,0.10245
-0.20401,-0.04982,-0.00040168,-0.042875
0.64777,0.20773,0.4053,0.393
-0.54222,0.24279,-0.22667,0.188
0.036449,-0.33866,-0.45322,0.33025
-0.018342,0.41618,0.26525,-0.11467
0.15181,-0.38302,0.19996,-0.52758
-0.30783,-0.31785,-0.2638,0.16677
0.35214,0.2752,-0.54782,-0.04618
0.30639,0.11728,0.10826,0.22406
0.1871,0.26271,-0.11928,-0.20688
-0.016003,0.22748,0.21915,-0.44142
0.14317,-0.041225,-0.1907,0.024919
0.30141,-0.34861,-0.023012,-0.18018
0.07221,-0.11105,0.075745,0.77495
0.098781,-0.23221,0.22183,-0.14618
-0.041458,0.36066,-0.59365,-0.32161
0.12135,-0.80092,-0.17218,-0.67009
-0.019657,0.21506,0.16063,-0.49068
0.30977,-0.23994,-0.046519,-0.86644
0.23579,0.2901,0.0026358,0.048604
0.32198,-0.044453,-0.0037813,-0.65794
0.51911,0.069567,-0.97358,-0.3211
-0.093983,-0.31626,0.043833,-0.48575
-0.25463,0.12923,0.0053029,0.033036
0.28663,-0.25727,-0.029567,-0.0024314
0.46067,-0.78828,-0.016527,-0.20226
0.18802,-1.2082,0.07399,0.34768
0.35531,0.54458,-0.11802,0.2674
-0.018808,-0.062529,-1.1276,0.16866
0.0031413,-0.11862,-0.14536,0.094441
0.078271,-0.31682,0.10888,-0.32949
0.22866,-0.50706,-0.35586,-0.2367
0.26449,-0.051597,0.2471,-0.095734
-0.59435,0.31094,0.22327,0.42067
-0.16004,0.47541,-0.61723,0.31609
-0.35268,-0.18441,0.077748,-0.077976
-0.052397,-0.33876,-0.015415,-0.19316
-0.20645,-0.20203,-0.51385,0.077544
-0.55233,0.05109,-0.27987,0.56575
-0.25202,0.39199,-0.38511,-0.07293
-0.184,-0.17691,0.099999,0.21521
0.015675,-0.29626,-0.72765,-0.072525
0.39757,-0.10491,-0.11696,-0.19158
0.2377,0.046797,-0.14678,-0.076955
0.21017,0.69316,0.037324,0.36884
-0.4799,-0.028291,-0.11899,0.027034
0.62061,0.010059,-0.46147,-0.6829
0.13981,-0.22713,0.44513,-1.0694
-0.016501,0.11606,-0.27036,-0.28405
0.60042,-0.64402,0.086873,0.032887
0.11438,-0.068251,-0.43429,0.022922
-0.095554,-0.058844,-0.2676,-0.12671
-0.071568,0.62524,-0.36165,0.20422
0.59765,-0.11551,0.29012,-0.16595
0.10627,0.011062,0.063475,0.054039
-0.11635,-0.16003,0.0087544,-0.43361
0.5589,-0.13087,-0.33941,-0.45166
0.50954,0.17999,0.19806,-0.46182
-0.031181,0.13809,-0.24708,-0.087516
-0.32941,0.23945,0.21979,0.21192
-0.29977,-0.13726,-0.1565,0.0030609
0.010863,0.20484,0.075641,0.046182
0.14683,-0.081363,-0.18757,-0.4782
-0.060916,0.12972,0.0054857,0.10333
-0.39918,-0.21772,-0.15045,-0.12657
0.5589,-0.77542,-0.42019,-0.76837
-0.26267,-0.046823,-0.10405,0.0073893
0.1778,0.28618,0.054593,0.080258
0.12721,-0.20021,-0.080144,-0.1923
0.0014653,0.17647,0.52773,-0.092871
-0.18435,0.016019,-0.48171,-0.072553
-0.21366,-0.10607,-0.36762,0.53078
-0.044118,-0.25851,0.1118,-0.061237
0.10626,-0.23312,-0.27487,-0.32251
0.35573,0.027027,-0.090291,-0.29473
0.32084,-0.53849,-0.60057,0.86571
-0.34023,-0.42577,0.3037,-0.025499
-0.065895,0.045347,-0.5279,0.11154
-0.30156,-0.091843,0.41485,-0.19225
0.18259,-0.0047702,-0.11803,-0.61459
-0.26881,0.097947,-0.13956,-0.069822
0.20985,-0.11855,-0.31788,0.59339
-0.45772,0.21382,-0.6126,0.16514
0.60534,0.15389,-0.20657,0.36654
0.29355,-0.67783,-0.29721,-0.28843
0.073571,0.19146,-0.30899,0.040334
-0.073155,-0.38149,-0.03718,-0.15269
0.54709,0.16581,0.54528,-0.27229
0.0034021,-0.19931,-0.033004,0.25916
-0.10802,0.12394,-0.70453,-0.0039934
-0.53971,-0.21246,0.56349,-1.0834
0.19886,-0.14832,-0.21229,-0.30096
-0.14413,-0.44706,-0.32375,-0.44703
-0.49626,-0.4306,0.15845,-0.11508
0.11596,0.37643,0.11427,-0.35528
-0.39434,-0.14143,-0.25593,0.083543
0.46949,-0.37199,-0.25988,-0.12855
0.0082307,-0.21188,-0.094406,-0.056678
-0.087754,-0.16325,0.079399,-0.18454
-0.061453,-0.10522,0.10004,-0.37918
0.099781,-0.20205,0.50986,-0.1932
0.19735,-0.289,0.15828,-0.13446
-0.088263,0.14113,0.7838,-0.012942
-0.20096,0.32367,-0.17971,-0.37645
-0.00075994,-0.15705,0.055718,0.58033
-0.090837,0.24037,0.13868,-0.16023
0.24662,0.51573,-0.66545,-0.14882
0.029423,-0.31627,0.15111,-0.1347
0.14297,0.088146,-0.10571,0.047411
-0.13361,0.32326,-0.020644,-0.17716
0.46146,-0.068024,0.26726,0.16744
-0.30306,-0.077113,-0.30794,0.12357
0.54057,0.067622,-0.41383,0.54629
-0.065949,-0.45903,-0.40705,0.47171
0.25363,0.076984,-0.20081,0.16404
-0.23628,-0.50107,0.095843,-0.25891
-0.1658,0.058841,-0.13771,0.98666
0.04449,-0.60628,0.20097,-0.13958
0.96227,0.20432,-0.51302,0.20958
-0.097993,-0.55231,0.042853,0.22026
-0.21599,0.11124,-0.28427,-0.28495
-0.35377,0.12463,0.53621,0.13627
-0.28268,-0.18442,-0.1667,-0.37593
0.017499,-0.48602,-0.26285,-0.31606
0.25554,0.64489,-0.22462,0.067772
0.1004,0.0087772,0.19178,-0.70684
-0.45238,-0.051755,-0.52822,-0.44449
-0.20356,-1.1646,0.11428,0.32162
0.18914,-0.55986,0.029315,-0.57479
0.037019,-0.22276,0.23974,-0.03722
0.45616,0.11179,-0.24325,-0.19339
0.40487,-0.58729,-0.23611,-0.37675
0.30458,-0.3639,-0.25722,-0.074146
-0.041602,-0.25367,0.051708,-0.40059
0.015228,-0.079472,-0.15344,-0.24609
0.30758,-0.76972,-0.21373,-0.4716
0.23883,-0.16777,-0.38034,0.56569
0.0051038,0.16682,-0.28568,-0.17476
0.008952,-0.35001,-0.80708,-0.5796
0.4743,0.092613,-0.67249,-0.0036337
-0.074641,-0.32102,0.13305,-0.54058
-0.1312,0.19576,0.51508,-0.14129
0.14797,-0.29036,-0.26838,-0.20642
0.3492,0.21624,0.064284,-0.08227
0.35725,0.052186,-0.74034,-0.028441
0.058702,0.20601,0.078585,-0.23175
-0.16239,-0.0064943,0.18547,0.29041
-0.02281,-0.096028,-0.10621,0.49671
-0.29839,-0.14453,-0.26305,-0.43275
-0.22198,-0.058965,-0.7189,-0.075213
-0.053624,-0.36218,0.42131,-0.033515
0.31181,-0.29286,-0.26945,0.57699
0.11512,0.16484,-0.16917,-0.44288
0.085064,0.13966,0.061346,-0.00063716
0.042737,-0.11939,0.13362,-0.45219
0.021021,0.077202,-0.31314,0.50394
-0.34035,0.063218,-0.38957,0.043319
-0.21353,0.22418,-0.27121,-0.13013
0.38998,-0.22953,-0.13154,-0.021094
0.09359,-0.22309,-0.26639,-0.7098
-0.25014,0.24188,0.02704,-0.083905
0.050263,-0.060105,-0.2373,0.27957
0.49069,-0.099641,-0.23439,-0.30694
0.016775,0.23815,0.079345,-0.14571
0.094367,-0.16513,0.3063,-0.57329
0.11803,-0.41591,-0.13754,-0.57208
0.1879,-0.44452,-0.42123,-0.48806
-0.37198,0.33716,-0.13694,0.23696
-0.014216,-0.14606,-0.030201,-0.71804
0.091923,0.31352,-0.017209,-0.07555
0.11166,0.28657,-0.28496,-0.90742
0.13381,-0.26221,0.28837,-0.43021
-0.10396,-0.12809,-0.12623,-0.10845
0.028227,0.13976,0.026915,0.20307
0.36232,-0.19931,0.041835,-0.16849
-0.10532,-0.32759,-0.44762,0.26659
0.49343,-0.33804,0.20873,0.27278
-0.33397,-0.32905,0.39538,0.24816
-0.018966,-0.29993,0.070994,0.15245
-0.1038,0.021019,-0.2583,-0.20559
0.52287,-0.3165,0.016053,-0.088385
-0.084841,-0.32886,0.12387,-0.13149
0.29419,0.28259,-0.0439,0.057696
0.073841,-0.13442,0.0039683,-0.40005
-0.55689,0.27361,0.046939,0.26301
-0.0241,-0.34176,-0.022795,-0.78533
-0.035875,0.26528,-0.90675,0.70938
-0.50689,0.27681,-0.27754,-0.12843
0.088974,0.43653,-0.31544,0.30127
0.074867,0.16733,-0.1307,-0.14626
-0.64182,-0.42358,0.19357,-0.40654
-0.22316,0.50665,-0.053772,0.35661
0.26919,0.057278,-0.12097,0.42942
0.023928,0.0015822,-0.13162,-0.0011082
0.27449,0.22802,-0.45716,-0.44211
0.23394,-0.37808,0.20796,-0.30726
0.045415,0.032966,0.050216,-0.29779
0.42596,-0.10987,-0.29152,-0.086041
0.19136,-0.1055,-0.2277,0.35839
0.20722,-0.84148,0.11286,-0.084708
0.0020861,-0.21403,-0.34283,-0.10831
0.16662,-0.11627,0.020384,-0.66204
0.075388,0.15705,0.10354,-0.65
-0.2131,-0.44007,-0.25166,-0.44813
0.17477,-0.13433,0.11208,-0.63213
0.40833,0.41911,-0.27274,-0.44221
0.45329,0.17605,-0.11789,-0.10447
0.1446,-0.19205,0.38232,-0.065587
0.098039,-0.033569,-0.08069,-0.33316
0.49992,-0.24052,0.11521,-0.60166
-0.3595,0.078146,0.59226,0.71398
-0.15857,0.43975,0.049551,0.57793
-0.24717,0.21839,-0.10558,0.30114
0.48344,-0.45805,-0.18531,-0.026006
0.038654,-0.34732,0.13122,-0.40621
0.16137,0.076879,-0.21819,0.13248
0.072239,-0.051192,-0.17106,-0.033265
0.25886,-0.15023,0.1002,0.65099
-0.56746,0.029022,-0.073971,0.73306
-0.15597,0.35637,-0.48457,0.5378
-0.36634,0.010464,0.16387,0.13646
0.2055,-0.67921,-0.011406,-0.085896
-0.18201,-0.063701,-0.43532,0.32296
0.029106,0.05572,-0.74169,0.59283
-0.11828,-0.41333,0.16602,0.035861
0.078828,-0.22146,0.62392,1.1615
-0.2032,-0.13279,0.46381,0.43717
0.25311,0.12604,-0.10794,0.74988
0.16887,-0.039557,-0.10263,0.086728
0.37575,-0.41198,-0.085619,0.24633
-0.3112,-0.13465,0.14273,-0.35168
-0.20762,0.39418,-0.10637,0.014631
-0.46745,0.017612,0.55702,0.003389
0.42018,0.33108,-0.063722,-0.15201
0.14948,-0.31433,-0.12883,-0.21842
0.26383,-0.11752,0.076162,0.25545
0.10155,-1.23,-0.13759,0.15917
0.075581,-0.22141,-0.76733,0.0041856
0.0011196,-0.63928,-0.089806,0.30336
0.45712,0.40532,-0.21195,0.2595
0.091965,-0.48853,-0.099775,-0.72041
0.21743,-0.10668,0.021498,-0.20846
-0.73907,-0.86275,0.80656,0.50743
0.049757,-0.32146,-0.60449,0.18484
0.32552,-0.74176,0.031101,-0.036377
-0.12755,-0.072823,-0.07354,0.34984
0.31173,0.25781,-0.27489,-0.16132
-0.32057,-0.36738,-0.36979,-0.14372
-0.24406,-0.30293,0.064039,0.49101
-0.63111,0.084971,-0.42181,-0.25674
0.10372,0.16234,-1.1743,-0.17963
-0.29806,-0.21937,0.31708,-0.20538
-0.298,0.18099,-0.04251,-0.24165
-0.21463,0.0039132,-0.15139,0.022979
0.27795,0.1034,0.47036,0.34349
-0.35889,-0.00023029,0.18585,0.20965
0.45415,0.1283,0.22233,0.13968
-0.23203,-0.072335,0.26184,-0.14761
-0.032584,-0.048533,-0.27286,-0.4625
-0.12042,0.012651,0.15023,0.30562
0.12867,-0.071108,-0.55422,0.35189
0.026202,-0.22202,0.095588,0.29006
0.32351,0.40513,-0.54776,0.071033
0.5068,0.42495,0.1453,-0.48255
0.23062,-0.042705,-0.065421,-0.69625
0.069391,-0.18404,0.15932,-0.14694
0.50903,0.34536,-0.60708,0.46504
0.25681,0.056701,0.16933,0.040237
0.36669,0.36301,-1.1874,-0.16936
0.099373,-0.15734,0.33845,-0.29788
0.079864,-0.11992,-0.34791,0.19574
0.19099,-0.57933,-0.36414,-0.1787
0.70029,0.090566,-0.34644,-0.2
-0.40771,0.61047,0.56872,0.55189
0.28031,0.081921,-0.69589,-0.022539
0.15428,-0.34739,0.49651,-0.50527
-0.05498,-0.1779,-0.23556,-0.060996
0.37192,-0.40373,0.011582,-0.36953
-0.38057,-0.25146,-0.20736,-0.22848
-0.1844,0.54121,0.23844,0.013299
-0.41657,-0.13471,-0.14157,0.25251
-0.035376,-0.62663,0.3572,-0.25456
0.009901,-0.031927,-0.10341,-0.19268
-0.03672,-0.30913,0.12724,-0.18307
0.17744,-0.35397,-0.86928,-0.089295
0.76988,-0.12093,-0.12312,-0.35886
-0.17427,0.17973,-0.03951,-0.28693
0.33278,-0.11549,-0.1848,-0.12672
0.15338,-0.38655,0.063372,-0.12012
-0.087091,0.023686,-0.27005,-0.037027
0.10859,-0.091916,-0.26752,0.037917
0.045472,-0.11967,0.42084,0.49967
-0.21432,-0.20541,-0.43241,-0.11386
0.29998,0.10816,-0.49673,0.22156
0.1597,-0.23864,-0.070477,-0.4924
0.15113,-0.52297,0.068691,-0.23588
-0.085954,-0.49264,0.07051,0.043963
0.27756,-0.44569,-0.53934,0.55306
0.12011,0.068411,-0.31601,0.15287
-0.2552,0.3063,0.1402,0.020512
-0.13681,-0.16614,0.25288,-0.24085
0.015936,0.12523,0.050205,-0.014053
-0.56682,-0.44358,-0.31021,-0.18589
-0.055424,-0.56,0.013652,0.081893
-0.054233,0.12548,0.65102,0.3552
0.0032124,-0.048338,-0.44889,-0.082534
-0.41305,0.0033765,0.27628,0.53008
-0.023619,0.10259,-0.024902,0.081622
0.37714,-0.11161,-0.37152,0.48075
0.32212,-0.70059,-0.33406,-0.69065
0.01044,-0.11653,0.03306,-0.12136
-0.26384,-0.067508,-0.19315,0.013323
0.014385,-0.38128,-0.93448,-0.30168
-0.13066,-0.4229,0.078365,-0.046147
0.0033909,-0.16834,-0.18732,-0.2714
0.50261,-0.068364,-0.094667,-0.22025
0.053485,-0.17685,0.79763,-0.10555
-0.251,-0.2029,-0.5301,-0.82359
-0.11656,0.16647,-0.33303,-0.14425
0.38684,-0.18063,-0.023464,-0.15629
0.12023,-0.67089,-0.29354,-0.30971
0.20165,0.36173,-0.051697,-0.14835
-0.092854,-0.61951,0.18202,-0.2539
-0.063195,-0.25543,-0.21349,-0.21645
0.19803,-0.50816,0.3967,-0.11017
-0.22168,-0.27728,0.094605,-0.11542
-0.12451,-0.30734,0.14719,-0.31825
-0.19319,-0.37392,-0.20441,0.16205
-0.10343,-0.25971,-0.1876,0.45554
-0.064708,0.25735,-0.23667,0.19003
0.35701,0.13192,-0.073818,0.5229
-0.24578,-0.20856,0.010397,-0.091496
-0.07138,-0.3995,-0.099996,0.21366
-0.57984,-0.19471,-0.097552,-0.31239
0.36577,-0.24177,-0.47542,0.26788
-0.63426,0.73745,0.22208,0.87575
0.27028,-0.45045,-0.77872,0.31198
0.15352,-0.52602,0.11005,-0.29556
0.12233,0.29649,-0.1951,-0.01224
-0.28964,0.0021961,-0.093846,0.10062
0.10789,0.017989,0.0025438,0.14212
-0.15262,-0.19897,-0.13353,0.40454
-0.44698,0.032872,-0.062842,-0.018214
-0.41574,-0.26517,0.25514,-0.16081
0.14333,-0.090029,0.03808,-0.47414
0.073232,-0.013177,-0.035623,-0.22371
0.12968,-0.37242,-0.1685,0.20563
0.10792,-0.11156,0.38877,-0.19038
0.079901,-0.051059,0.0045697,-0.037153
0.25494,0.28779,-0.37687,-0.051115
-0.089024,-0.27194,0.22955,-0.80759
-0.027928,0.10572,-0.21367,-0.26091
-0.23485,-0.3428,0.27928,-0.077965
0.26721,-0.10162,0.34025,-0.28923
0.03025,0.063157,-0.20737,0.051957
0.07869,0.55365,0.29627,-0.25169
0.12557,0.11355,-0.33829,-0.3422
0.12887,-0.13503,0.94237,0.0065012
0.018606,0.23556,0.22104,0.19996
-0.036827,-0.39223,-0.25016,0.086585
-0.076314,-0.28053,-0.51579,0.16696
0.7551,-0.11347,-0.24082,0.010429
-0.10489,-0.32678,0.15211,-0.010642
0.2397,-0.32405,-0.37336,0.58938
-0.063827,-0.52698,-0.2125,-0.14684
0.27586,0.87098,1.1854,0.98147
-0.097347,-0.212,0.0047828,0.36305
0.36465,-0.15182,-0.40644,0.22192
-0.31317,-0.1932,0.073136,-0.46797
0.13221,-0.17345,-0.29249,-0.099534
-0.23355,-0.30466,-0.31013,-0.28296
0.1799,1.3511,-0.059366,0.5553
-0.17391,0.23038,-0.13205,-0.31381
0.14181,0.47235,-1.2573,-0.12368
-0.067017,-0.61737,0.072155,0.0084378
0.19042,-0.37142,0.22693,-0.19723
0.32177,0.10134,-0.020739,-0.064189
0.24382,-0.29548,-0.31982,0.25078
-0.0062264,0.5104,-0.42541,-0.0035196
-0.20042,-0.25038,-0.5301,-0.14671
0.2104,0.43235,-0.37682,-0.45932
0.30412,0.031279,-0.16061,-0.20372
0.0031882,-0.1991,0.37724,-0.033344
0.27804,-0.14952,-0.53654,0.44374
-0.25758,-0.18605,0.0068969,-0.22815
0.19751,-0.22193,-0.91928,-0.91767
0.36572,-0.70369,-0.36537,-0.46066
0.070228,0.18518,0.089855,-0.81777
-0.049127,-0.63485,0.4698,-0.2103
-0.073304,0.32489,-0.41014,0.21806
0.49908,-0.43398,0.20475,-0.43476
0.52811,0.053429,-0.70444,-0.31599
0.14266,0.16184,-0.048744,-0.11273
-0.17058,0.10905,0.24634,-0.36018
0.11284,-0.30158,0.0142,0.10777
-0.31353,-0.6154,-0.16588,0.72453
0.0051432,-0.34462,0.14984,-0.033598
0.15004,-0.074821,-0.52432,0.076186
0.71007,-0.072764,-0.43949,-0.034261
0.089322,-0.47884,-0.040356,-0.40755
0.099749,-0.018715,-0.015186,-0.1934
0.25617,-0.55322,-0.46521,-0.37126
0.071081,0.29485,0.17025,-0.024911
-0.16459,0.77931,-0.23642,0.38668
0.19097,0.323,-0.72556,0.13958
-0.19197,-0.25184,0.055382,-0.20103
-0.03218,-0.072736,-0.12129,-0.56284
-0.11636,0.54742,-0.36568,0.028418
0.024975,0.093492,-0.96907,0.15678
-0.2782,0.11126,-0.48109,0.12157
0.33075,-0.062613,0.090312,-0.097841
0.083845,-0.36255,0.32603,-0.34157
-0.18189,0.01016,-0.19758,0.0090256
0.042961,-0.29091,-0.5417,-0.016757
-0.076589,0.070754,-0.3029,-0.14609
0.034509,0.22812,0.084877,-0.20403
0.22772,0.0061302,-0.96138,-0.72216
-0.41378,-0.088384,0.061229,-0.80106
0.32785,-0.04301,0.054275,-0.45497
-0.18582,-0.2244,0.017256,0.16512
0.19842,0.32389,-0.48623,0.17857
0.52451,-0.67145,-0.37686,-0.26752
0.040452,-0.43367,-1.1155,0.010782
0.19952,-0.31546,0.28027,-0.16168
-0.072978,0.097012,0.30116,0.19802
0.1586,-0.016181,-0.18903,-1.0579
-0.37657,-0.24909,-0.24225,0.51255
-0.61055,-0.089394,0.55699,0.18554
-0.1538,1.0884,-0.1574,-0.059601
0.6548,0.39478,0.18376,0.12848
-0.20451,-0.14944,0.014365,0.080431
0.26461,-0.40462,0.56864,0.00063158
-0.1835,-0.016068,-0.29388,-0.52238
0.12654,0.52165,-0.42804,-0.17426
-0.52358,0.21435,-0.37512,0.0041155
0.15998,0.16301,-0.6489,-0.31093
-0.26699,-0.26537,-0.059554,0.0039081
0.21082,-0.55068,0.12103,-0.20121
-0.22094,-0.16935,-0.29169,-0.17058
0.26922,0.11933,0.10207,0.24131
0.024959,0.21899,-0.066985,-0.082699
0.37926,-0.58505,0.52511,0.19525
0.16393,0.038089,0.58319,-0.77661
-0.84125,-0.41795,0.094611,0.34613
0.33786,0.16618,-0.15362,-0.068453
0.14926,0.23026,-0.67664,0.80188
0.17324,-0.34071,-0.4539,0.12049
-0.060424,0.082584,-0.081692,0.30216
0.020759,0.25904,0.23215,-0.41668
-0.21801,-0.55231,0.017633,0.20526
-0.16909,-0.16278,-0.16462,-0.19446
0.19451,0.087157,-0.20697,0.22477
0.29975,0.12781,-0.1234,0.29205
0.4223,-0.029974,-1.1686,-0.062545
0.076444,-0.29095,0.013671,-0.16412
0.28703,0.070301,-0.035462,-0.39528
-0.39989,-0.0033868,-0.62117,-0.52454
-0.088788,0.46633,-0.055891,0.80018
-0.15707,-0.15672,-0.10414,-0.1221
0.14468,0.16874,-0.58054,-0.11919
-0.18001,0.26713,0.2535,-0.31688
0.38874,-0.095145,-0.40273,-0.34343
-0.10923,-0.27134,0.4349,-0.53056
0.18784,-0.19354,0.017247,-0.10545
0.081234,0.12175,-0.18951,-0.073961
-0.19007,0.16515,-0.51086,0.17566
0.019141,-0.078609,0.35671,0.693
-0.13563,-0.058165,0.13359,-0.11641
-0.071865,0.22591,0.17177,-0.34763
-0.14119,-0.15163,-0.19792,0.52053
0.84961,-0.69799,-0.97496,-0.095192
0.090442,-0.0836,0.35093,0.62
0.28178,0.3413,0.88836,0.22133
-0.18262,0.2517,0.3253,0.5889
0.55966,-0.1618,-0.17298,0.20006
0.092313,-0.021622,-0.2789,-0.32427
-0.30901,-0.57779,-0.23933,-0.15726
-0.11069,-0.39051,-0.18407,-0.18776
-0.056505,0.07318,0.32907,-0.47044
-0.10003,0.44378,0.39181,-0.22579
0.016644,-0.14669,0.33919,-0.29235
-0.11434,-0.27222,-0.19244,-0.085341
-0.11001,-0.1541,-0.16518,-0.14614
0.14982,0.14733,-1.0585,0.15305
-0.18115,0.12864,-0.36904,0.048328
-0.054278,-0.33311,-0.37935,0.18831
-0.40122,0.2512,0.18694,0.9136
0.19181,-0.92184,-0.29574,-0.21326
0.47374,-0.26684,0.44386,-0.18871
-0.3328,-0.36641,0.30488,0.29052
0.36222,0.06454,-0.32039,0.028788
0.44266,-0.30714,-0.019709,0.056755
0.24354,-0.40112,0.51244,-0.12224
0.146,-0.13495,0.10843,-0.20889
0.14511,0.0023026,-0.47047,0.44092
-0.022465,-0.19606,-0.23168,-0.21064
-0.41334,-0.18271,-0.34016,-0.19201
0.11809,-0.63004,-0.005392,0.30136
-0.15561,0.098325,-0.01669,-0.64606
-0.43661,0.17256,0.17474,-0.28879
0.47032,-0.41676,-0.16278,0.14977
0.33757,-0.54097,-0.3369,-0.16888
0.10775,-0.31685,0.10167,0.05526
-0.049059,0.67457,0.045938,-0.43848
-0.097519,0.15799,-0.035469,-0.14108
-0.060957,-0.26085,0.040865,-0.9247
-0.18337,-0.28256,-0.21143,-0.01078
-0.075182,0.14113,-0.24493,-0.1467
0.015249,-0.29375,-0.36099,-0.24972
0.017402,0.067305,-0.080264,-0.21436
-0.25199,-0.084626,0.23565,-0.15456
-0.18231,-0.13139,0.1744,-0.35588
0.56783,-0.53073,-0.22907,-0.80199
0.16281,0.42754,0.39528,0.050228
0.19142,0.45806,-0.6472,0.093569
0.26265,0.55431,0.27198,-0.39014
-0.060537,-0.19958,-0.12345,0.086247
-0.1039,-0.18766,0.00033699,0.20158
-0.071138,-0.44643,-0.14612,-0.040544
-0.048611,-0.38691,-0.13716,0.28561
0.33434,0.19667,0.034163,0.086298
0.42596,0.36467,-0.15006,0.54535
-0.017849,-0.47549,0.062116,-0.21179
0.34765,0.2539,0.10558,-0.01731
0.073065,-0.2941,-0.4938,-0.2936
0.40582,-0.10858,0.022473,-0.25172
-0.096695,0.16618,0.33742,0.060715
-0.24242,-0.061145,-0.26717,0.12752
-0.36854,-0.25292,0.20022,-0.053603
-0.059863,-0.51048,-0.15203,-0.98924
0.35526,-0.41064,0.16433,-0.2429
0.33592,-0.069065,-0.78121,0.13615
0.57232,0.14051,0.088009,-0.57521
-0.17113,-0.24604,0.023764,-0.37116
0.49997,0.55487,-0.75067,-0.80152
0.15893,-0.067742,-0.18697,-0.038696
0.53875,0.19866,-0.31431,-0.46479
0.36902,-0.16591,0.16879,0.098941
0.081665,-0.081871,-0.022924,-0.17915
0.010935,0.10511,-0.35485,-0.29765
0.39346,0.26638,0.59114,-0.25809
-0.011544,0.33611,-0.13014,0.024619
-0.0021288,-0.42306,-0.11609,0.16665
-0.087929,-0.16569,-0.061929,0.17116
0.077586,0.6268,0.15631,0.26398
-0.040293,-0.015936,-0.65173,-0.33583
-0.018944,0.39473,0.33843,-0.19985
-0.33588,-0.2439,0.090376,-0.093642
0.17309,-0.29241,0.20274,0.16007
-0.45388,-0.30705,-0.39844,-0.24967
0.12017,-0.012329,-0.14955,0.018037
-0.013469,0.3576,-0.055414,0.17596
0.61311,0.70849,-0.38172,0.49204
-0.31077,-0.089511,0.16799,-0.31101
0.19322,0.31709,-0.10945,0.029358
-0.3595,0.035498,-0.10782,-0.3531
0.30584,0.16416,-0.4582,0.412
-0.85262,0.01867,0.1899,0.39865
0.44384,-0.40425,-0.92873,0.53644
-0.30627,0.0040804,-0.012661,0.23283
-0.18664,-0.068297,-0.077804,-0.31162
0.24215,-0.020784,0.0024013,0.054055
0.26823,0.093314,-0.26357,0.2092
-0.069421,-0.22151,-0.02854,-0.036583
-0.01838,-0.18797,-0.22562,-0.11297
0.30968,-0.23299,0.075305,-0.22124
0.13059,-0.30347,-0.089038,-0.11618
0.38669,0.055192,-0.13243,-0.34801
0.085635,0.36764,-0.432,0.70652
0.09276,-0.26675,-0.047718,-0.38721
-0.086281,-0.48807,-0.5823,-0.46293
0.1139,-0.37645,0.50603,-1.2522
0.092848,0.018826,-0.019825,-0.44277
-0.15325,-0.42909,0.62065,-0.37005
-0.019113,-0.057311,-0.40489,0.15652
0.355,-0.32078,-0.98549,-0.27742
-0.16148,0.13652,-0.25864,0.15486
0.086546,0.73792,-0.11957,0.16633
-0.1854,-0.68259,-0.2247,-0.14833
-0.0089606,-0.36702,-0.061037,-0.36258
0.060988,-0.2001,-0.043325,-0.51744
-0.24959,-0.0084585,0.57486,-0.070379
0.041197,-0.32909,-0.7196,0.004605
0.22266,-0.40495,-0.39918,0.42487
-0.38491,-0.24419,0.09199,0.0309
0.15479,-0.044917,0.053612,-0.28189
-0.26081,-0.61889,-0.54233,-0.10085
-0.20672,0.49183,-0.12338,0.4317
-0.76772,-0.40924,-0.03085,0.76733
-0.27158,0.2728,0.10644,-0.94246
-0.24397,-0.15845,-0.24994,-0.002312
0.033273,-0.50919,-0.23027,-0.20402
0.12509,0.21129,-0.070357,-0.4278
0.14285,-0.098305,-0.33574,0.32891
-0.0095897,0.29823,0.048039,-0.068254
0.15584,0.057531,0.32424,0.41264
0.021001,-0.13405,0.49624,-0.25068
-0.095463,0.16785,0.10868,0.23145
0.21519,0.10257,0.064571,-0.18208
0.092918,0.29603,-0.066661,0.27311
-0.080223,0.053329,-0.0045954,-0.00032331
-0.063147,0.36379,-0.56674,-0.52822
0.26685,0.13908,-0.019283,0.0034733
0.030778,-0.12771,-0.01344,-0.79347
0.27102,0.47852,0.33002,0.11685
-0.040482,0.06566,-0.22328,-0.59366
0.11847,0.26135,-0.85586,-0.18477
-0.050071,-0.1006,-0.43897,0.18319
0.0012174,-0.24991,0.34516,-1.0523
-0.33298,-0.24264,0.026859,-0.22372
0.031284,-0.61735,-0.31699,0.20212
0.29311,-0.41375,-0.31737,-0.62561
0.34629,0.41302,0.18816,-0.12847
-0.077974,-0.67443,-0.5812,0.11379
0.011234,-0.045092,-0.22066,-0.087196
-0.19999,-0.27339,-0.058937,-0.38415
-0.27582,-0.28034,-0.1429,-0.73583
0.056614,-0.4889,0.35453,-0.34776
0.32974,0.38246,-0.020081,-0.60382
-0.67153,-0.039494,-0.23589,0.065684
-0.40919,-0.4367,-0.76114,0.44586
-0.18929,-0.26415,-0.045494,0.069726
0.31915,-0.12298,-0.4555,0.023649
-0.15723,-0.0041836,0.28682,0.095215
0.12714,0.025747,0.32549,0.56423
-0.51403,-0.078882,-0.41063,-0.2304
-0.20819,-0.20706,-0.49397,1.0745
0.04265,-0.14576,-0.060273,-0.30274
-0.18578,-0.022209,-0.18841,-0.019442
-0.059376,-0.13386,0.16137,0.37171
0.049036,-0.21579,-0.62168,0.68369
-0.28154,-0.24015,-0.16964,-0.18662
0.202,-0.17681,-0.53003,-0.51936
-0.22465,0.16683,-0.069315,-0.39993
0.24183,-0.021734,-0.055997,-0.050165
-0.23832,0.15081,-0.32476,-0.18079
0.58629,-0.096566,-0.45853,-0.0932
0.47909,-0.20292,-0.17009,-0.14801
0.45877,0.55888,-0.72567,0.32816
-0.056302,-0.085897,0.41472,-0.41388
0.013027,-0.063078,-0.044811,0.092787
0.16794,-0.1714,-0.48501,-0.13749
-0.43093,0.14722,-0.10876,0.47084
-0.28637,0.27574,0.70452,0.17496
0.33971,0.26192,-0.93219,-0.23164
-0.12967,-0.33749,0.047947,-0.84417
0.10915,-0.37576,-0.46959,-0.52443
0.44048,-0.29435,0.35873,-0.96868
0.4257,-0.38953,-0.17421,-0.30613
0.21603,0.11888,0.23728,-0.56614
0.058441,0.32615,-0.39917,0.16352
0.14959,-0.69254,-0.1466,0.42168
0.17404,-0.1676,-0.23025,-0.17083
0.66461,-0.20661,0.042367,-0.069876
0.16945,0.025537,-0.17347,-0.050311
-0.21598,0.33355,-0.43749,0.63454
-0.062428,0.10982,-0.36856,-0.2884
0.097577,0.21928,0.16145,-0.067374
0.11105,-0.55976,0.18511,-0.41239
-0.28749,0.071258,-0.38811,0.22337
0.061065,-0.25507,-0.021203,0.24068
0.15673,0.67328,0.29989,0.093033
-0.079949,0.35788,-0.62001,-0.32503
0.31352,0.22392,0.35252,0.00015683
0.13134,0.044066,0.18622,-0.3825
0.10049,-0.42348,-0.14501,0.2373
-0.41851,-0.21479,0.027134,-0.020586
0.27384,0.013063,-0.10442,0.38406
-0.245,-0.13367,-0.48286,0.50696
-0.11434,0.071671,-0.40646,0.6391
-0.26869,-0.41708,0.41486,-0.24732
0.21185,-0.069872,0.030726,0.23638
-0.031226,0.016649,-0.50511,-0.52694
0.30693,-0.23329,0.078983,-0.093473
-0.31456,-0.038057,0.59134,0.43989
-0.083939,0.4318,-0.6126,-0.086633
-0.17128,-0.19989,0.12475,-0.11614
-0.049142,-0.23941,-0.049818,-0.059031
0.20901,0.22359,-0.50421,-0.16065
0.54033,-0.08758,-0.071435,-0.082843
0.3924,0.24512,0.37598,0.3283
-0.1247,0.19225,-0.71087,-0.17972
0.0073935,0.036671,0.05128,-0.13196
0.12852,-0.26139,-0.033633,-0.37276
0.078533,-0.17143,0.3745,-0.10022
0.12982,0.081987,-0.1866,-0.23494
0.34807,-0.092999,-0.37271,-0.23436
0.18338,0.25966,-0.11858,-0.21859
0.16028,-0.47381,0.635,-0.24098
0.29484,-0.23446,0.090972,-0.86243
0.28503,-0.69033,-0.29114,-0.77933
-0.0050392,0.054288,-0.024805,0.45666
0.20766,-0.29559,-0.33798,0.22232
0.055,-0.18268,-0.80254,-0.18323
-0.070063,-0.54776,0.1202,0.48142
-0.17144,0.32149,0.19095,-0.23911
-0.049284,0.77806,0.55977,-0.068188
-0.18144,-0.84656,0.16395,-0.30476
0.26826,0.7791,-0.21766,0.27157
0.51653,0.29184,-0.54409,-0.34068
0.2856,0.092493,0.25848,0.85979
0.066347,-0.073899,0.28279,0.12805
-0.099574,-0.20323,-0.64228,-0.38384
0.23247,0.59505,0.46111,-0.011892
0.30627,0.21294,-0.53293,0.46611
0.12386,-0.49906,-0.68604,0.64827
0.11254,0.37377,-0.55711,0.049515
-0.025956,-0.18982,-0.39734,-0.46012
0.36187,-0.0552,0.2401,-0.14944
-0.08199,-0.27234,0.16027,-0.20565
0.046074,0.18964,0.26339,-0.01782
0.080015,-0.31217,-0.20942,-0.13126
-0.32267,-0.091005,-0.38903,0.078956
0.1799,-1.0483,-0.14388,0.15094
0.025004,-0.41403,-0.00048064,-0.1126
0.025301,0.10969,-0.029024,0.34318
0.27334,-0.26312,-0.59242,0.060763
0.36496,-0.40409,-0.57669,0.028579
0.16691,0.3365,0.37283,0.60802
-0.016988,0.13504,0.10733,0.173
0.067185,-0.15405,0.1543,-0.26052
0.31448,-0.12679,-0.31147,0.66474
0.71551,-0.31198,-0.10819,-0.10085
0.39079,-0.54318,0.23734,0.028274
0.0018858,0.4376,-0.32438,-0.31654
-0.0092756,-0.21085,0.045153,-0.65257
0.0096617,0.44507,0.19109,-0.38035
0.14545,0.093449,0.21356,-0.41103
-0.084447,0.30942,-0.17939,-0.39584
0.18178,-0.41296,-0.31805,0.069223
0.36954,0.11321,-0.71491,-0.076601
-0.31384,-0.30544,-0.12215,0.097965
-0.083567,-0.43285,0.26136,0.35107
-0.72909,-0.29598,0.6891,0.67638
0.23951,-0.30157,0.17093,-0.13272
0.46187,-0.20529,-0.24937,0.19838
-0.0010336,-0.34345,0.031352,0.31505
0.21805,-0.059649,0.023116,0.3821
-0.34493,-0.12031,0.054427,-0.062804
-0.21887,-0.15462,0.24842,0.077565
0.077308,-0.13394,0.14244,-0.14854
0.26002,0.31206,-0.32233,0.65302
-0.28897,0.025605,-0.19193,-0.095065
-0.096826,-0.53288,-0.56773,0.19108
-0.19139,-0.41671,0.28241,-0.15219
-0.043137,-0.028267,-0.39563,-0.5259
-0.21634,-0.18821,-0.27665,0.074931
0.83808,-0.30835,0.079022,-0.20784
0.045046,-0.003525,-0.039059,-0.016899
0.096405,0.1709,-0.14276,-0.35261
0.18748,-0.72177,0.09083,-0.82783
-0.22975,0.020082,-0.51698,-0.24416
-0.076841,-0.41156,0.017731,-0.28651
-0.15048,-0.15561,-0.43513,-0.096376
-0.037186,0.055411,0.056482,-0.30226
-0.099822,0.099807,-0.54546,-0.7806
0.13393,-0.42133,-0.19056,0.0044531
0.33703,0.0020025,0.074861,-0.70073
-0.0010743,-0.12175,-0.16471,-0.47295
0.33548,0.4128,-0.49305,-0.54128
0.22023,0.45696,0.34556,-0.68075
0.28879,0.21808,-0.73934,0.0094592
0.12107,0.099196,-0.25496,-0.61622
0.0016294,0.18485,0.20283,-0.28309
-0.01009,0.023162,-0.23488,0.20569
0.27918,-0.37389,-0.050188,0.059591
-0.47741,-0.10415,2.0947,0.32828
0.36458,-0.81677,-0.20541,0.0020039
-0.03591,0.40399,-0.55181,0.5197
-0.37473,0.19928,-0.083657,-0.29654
0.19802,-0.10044,-0.12555,-0.03457
0.19358,-0.32009,-0.36328,-0.29122
0.22709,-0.024984,-0.024532,0.45534
-0.6961,0.49757,-0.10503,0.43587
0.21443,0.00086217,-0.36178,0.89027
-0.48261,-0.15044,0.32381,-0.059933
0.12156,-0.69376,-0.046004,-0.40476
0.062539,-0.19293,-0.30835,0.14943
-0.13618,0.12462,-0.40058,0.81068
-0.19792,0.22825,-0.28349,0.0014026
-0.059011,-0.016782,-0.3339,0.14775
-0.22289,-0.27456,0.19771,0.10482
0.045376,0.01169,-0.076636,-0.048171
0.21474,-0.31396,-0.068853,-0.072199
0.28685,-0.23447,0.51051,0.28241
-0.46433,-0.1235,0.31523,0.20045
0.089852,-0.12118,-0.76934,-0.46189
-0.45115,-0.69057,0.236,-0.29551
0.17953,-0.005612,0.025005,-0.38665
0.18225,-0.44309,0.17462,-0.12411
0.027263,-0.048165,-0.39208,0.094823
-0.33114,0.58391,0.34646,0.0064325
0.023154,0.41394,-0.53112,0.35443
0.37541,0.57764,-0.43176,-0.29169
-0.042931,-0.17142,0.1508,0.28533
-0.2373,-0.25648,-0.10805,0.032769
0.50587,-0.25877,-0.35747,-0.60346
0.50966,0.36754,-0.23268,-0.6242
0.16432,-0.27644,-0.59911,0.31152
0.013498,0.29079,-0.47277,0.071591
-0.28083,0.090546,-0.054904,-0.10286
0.19404,0.25871,0.037927,0.41857
0.051864,-0.37601,-0.39388,-0.31962
0.16881,0.68398,0.20801,-0.12953
-0.64794,0.084997,-0.036817,0.20525
0.57075,0.52199,-0.072549,0.1054
-0.060235,-0.15155,-0.3518,-0.079501
0.25911,-0.19009,0.052197,-0.1848
-0.11438,-0.79057,-0.28631,-0.087383
0.39596,-0.016457,0.44363,0.067581
-0.23853,0.33326,0.082158,0.16363
0.24628,-0.04721,-0.085495,0.15602
0.20409,0.249,-0.57147,-0.18467
0.062982,-0.1561,-0.24203,-0.1907
0.38488,0.12969,-0.088653,-0.1244
-0.052255,-0.20157,-0.49221,0.64287
-0.26624,-0.36574,0.46092,-0.1023
0.72092,0.19125,-0.24171,-0.85859
-0.20745,0.071508,0.26857,-0.74264
0.24437,-0.032359,-0.36493,-0.53007
-0.022546,0.1812,-0.082874,-0.21556
0.11699,0.46309,-0.82249,0.47753
0.17162,-0.35964,-0.62163,0.3437
0.65092,0.032016,-0.75258,0.1322
-0.29253,-0.16834,-0.045036,-0.73147
0.21452,-0.41276,-0.1315,-0.076094
-0.032063,-0.27559,-0.27959,-0.30792
0.15278,0.056823,-0.25383,0.2326
0.61073,-0.11336,-0.34397,0.38254
-0.090971,-0.063093,-0.27136,-0.08756
0.55746,0.29731,0.16818,-0.42137
-0.18782,-0.18635,0.0073531,-0.12892
-0.23721,-0.34644,-0.045122,0.022638
-0.51708,-0.46167,-0.33539,-0.048985
0.0036968,0.073594,0.58122,0.16796
-0.46446,-0.54349,-0.15645,0.039384
-0.030115,0.16742,-1.3876,0.38313
-0.21504,-0.4326,-0.035827,-0.3102
-0.22036,-0.44316,0.22311,-0.0054296
0.17043,0.1797,-0.1374,-0.27169
0.090362,-0.22785,-0.014503,-0.25342
0.10805,-0.22912,-0.001678,-0.068704
0.31528,0.38347,0.3021,-0.27871
0.0028165,-0.33332,0.35418,-0.79329
-0.13296,0.056394,-0.034243,-0.22114
0.059271,-0.31285,-0.081372,0.043037
0.13837,0.3003,-0.25362,0.60351
-0.1126,0.2667,-0.042767,-0.27696
0.21341,-0.16459,-0.10213,-0.21479
-0.028321,-0.14909,0.1068,-0.36875
0.32918,-0.16685,0.20817,-0.74224
-0.016405,0.034801,-0.25778,0.1277
0.13222,0.22649,-0.63023,0.81921
-0.21816,0.094957,-0.43045,0.37418
-0.18807,0.17927,-0.21637,0.11681
-0.32205,-0.71183,0.30698,0.087559
0.014402,-0.13305,-0.16077,0.16613
0.00061422,-1.0425,-0.78509,-0.42479
-0.2525,-0.45935,0.13473,0.30853
-0.12673,-0.28875,0.29448,0.30096
0.015819,0.10308,-0.51455,-0.012483
-0.24887,-0.025148,0.61652,-0.31239
-0.2703,-0.35657,-0.24722,-0.5479
0.54451,-0.43735,0.2123,-0.23822
0.13468,-0.072491,0.26492,-0.49685
0.026635,-0.032985,0.15478,-0.17435
-0.32852,-0.31353,-0.38032,-0.063757
0.39617,-0.52717,0.94454,-0.39326
-0.1788,-0.43772,-0.11456,-0.1058
-0.15865,-0.34154,0.47118,-0.30994
0.13674,-0.17297,-0.18312,-0.44619
0.17165,0.049618,0.11253,-0.37833
-0.50637,-0.062326,-0.17073,-0.29087
-0.046499,-0.057988,0.45265,-0.27416
0.076711,0.031737,-0.084214,-0.19811
-0.36999,-0.36656,0.15662,0.13841
-0.10199,0.074986,0.59817,-0.30661
0.2237,-0.20719,0.5696,0.15896
-0.26749,0.1281,0.17932,-0.70666
0.20767,0.65704,-1.1314,0.18302
-0.030899,0.15194,-0.20261,-0.17778
0.1739,-0.096947,0.3467,0.37416
0.31556,-0.58565,-0.063994,-0.31603
0.65918,-0.063363,-0.29793,-0.10142
0.21417,-0.35688,-0.51311,-0.0089663
0.24058,0.55184,-0.11977,-0.26327
-0.24384,-0.14518,0.06465,0.21779
-0.18438,-0.12912,0.079424,-0.11181
-0.27989,-0.27274,-0.20069,-0.33903
-0.33692,-0.12294,-0.54036,0.067511
-0.32101,0.44904,0.25855,0.58104
0.34527,0.17385,-0.28581,0.16323
-0.14904,-0.042094,-0.25403,-0.38802
-0.096373,-0.23315,-0.091122,-0.077191
-0.047728,-0.31988,0.25102,-0.39015
0.40067,-0.52226,-0.8581,-0.28339
0.37749,0.047446,0.32094,0.55324
-0.37145,0.37768,0.10599,-0.26964
0.3362,-0.86081,-0.34599,0.23348
-0.019468,-0.16221,-0.061203,-0.18048
0.43641,-0.02566,0.42143,-0.18134
-0.23466,-0.46203,-0.050839,-0.40884
0.5784,-0.30552,-0.5911,-0.3478
0.14379,0.0087832,0.3735,-0.28214
0.090869,0.91144,0.033912,-0.12914
-0.0073392,0.014278,0.06445,-0.24818
0.26728,-0.57243,-0.29548,0.008414
-0.67617,-0.55846,-0.43451,0.16229
0.4932,0.69698,0.34448,-0.70342
-0.088482,-0.044604,-0.33671,0.058318
0.094635,0.26046,-0.4035,-0.38665
0.050204,-0.095555,0.19026,-0.41659
-0.26078,-0.41959,0.46819,0.016027
-0.12701,-0.33615,0.023092,0.30112
-0.17053,0.43892,-0.34197,0.10642
0.2312,-0.31797,-0.87686,0.114
-0.66156,0.59681,0.31296,0.39663
-0.55235,-0.10797,-0.082963,0.029351
-0.19437,-0.068126,-0.33331,0.18786
-0.023949,-0.079012,-0.37846,0.070307
0.2591,-0.39281,-0.34547,-0.2069
-0.38925,0.14642,0.33536,0.34155
0.25898,0.18585,-0.11299,0.34012
-0.17465,-0.16878,-0.012363,0.093265
-0.26189,0.20751,0.10688,0.2083
-0.10081,-0.017431,-0.34809,-0.4376
0.12205,0.56992,-0.036888,0.07578
-0.79633,0.48823,-0.089536,0.23275
-0.10458,0.22419,-0.37227,0.11263
-0.018626,-0.25971,0.14332,-0.43833
0.16674,-0.47433,-0.097246,-0.2632
-0.050509,0.14114,0.34925,-0.081304
0.092205,-0.080212,-0.55904,0.23009
0.11011,-0.094637,-0.054873,-0.35002
-0.27515,0.45011,0.10853,-0.38608
0.54646,-0.57955,0.16326,-0.8875
-0.092916,0.058782,0.15122,-0.13445
0.42264,0.177,-0.3242,-0.3499
-0.054757,-0.049244,-0.64604,0.39043
-0.015901,-0.4421,-0.33035,-0.41599
0.16904,0.15234,-0.46286,-0.24165
-0.00081385,-0.48215,-0.29576,-0.62655
-0.075658,0.035201,0.20704,-0.58913
-0.29994,-0.35853,-0.20884,-0.033471
-0.28604,-1.1629,-0.13538,-0.17548
0.096093,0.8543,-0.19742,-0.13859
0.75067,-0.30867,-0.5628,-0.25399
0.56368,0.12667,0.56974,0.49734
0.06717,-0.51783,-0.05889,-0.21025
0.093002,-0.36344,0.45488,-0.44426
-0.12021,0.18317,-0.069563,0.40219
-0.46835,0.48816,0.48581,0.22852
-0.20663,-0.28223,-0.073767,0.28194
0.66271,-0.44998,-0.17737,0.50816
-0.10355,-0.15101,-0.11915,-0.59358
-0.01239,-0.039268,-0.082279,-0.48162
0.05843,-0.5579,-0.39177,-0.21176
0.056066,-0.12623,-0.11425,0.061822
-0.33633,0.045721,-0.47237,0.085632
0.14566,0.38476,-0.29414,0.61012
0.24967,-0.17255,0.42008,0.13674
0.2183,-0.48752,0.12705,0.24708
-0.229,0.4222,-0.41305,0.12032
-0.24813,0.19341,-0.48473,0.38704
0.80782,-0.96017,0.13683,0.17111
0.49462,0.26875,1.1561,1.4314
-0.054719,-0.31518,0.50397,0.83645
0.36068,0.22065,0.1405,-0.085262
0.30168,-0.038206,-0.096274,-0.060052
0.083343,-0.33168,-0.39987,-0.35302
0.21279,-0.36812,-0.074196,0.36048
-0.13943,0.18288,-0.26391,-0.52109
-0.14353,-0.044735,0.63352,-0.35579
-0.026323,0.03904,0.40463,-0.21889
-0.57619,-0.27786,-0.11712,-0.23781
0.084631,-0.49043,-0.022141,0.23328
0.46234,-0.08186,-0.23938,0.050676
0.2132,-0.26283,-0.81073,0.018352
-0.022277,-0.10763,0.14736,0.23045
-0.31729,-0.076734,0.68495,0.057872
0.25524,-0.32725,-0.037862,0.34204
0.20512,-0.9801,-0.38162,0.081719
-0.38195,-1.079,0.15973,0.35654
-0.17477,0.27091,-0.014968,0.25499
0.52293,0.22124,-0.36998,0.14015
-0.39693,-0.46621,0.20033,-0.24153
-0.099112,-0.094712,0.16321,-0.35464
0.012882,0.067697,-0.070778,0.089503
0.21462,-0.077655,-0.27307,0.061031
-0.40455,0.2538,-0.62008,-0.28345
0.26806,0.42145,-0.39635,0.34117
-0.25838,0.2804,0.067627,0.30809
-0.16198,-0.098576,0.21558,-0.068802
-0.092338,-0.11117,0.0551,0.084066
0.14514,0.24084,-0.48022,0.3183
-0.17975,-0.053749,0.20101,0.27351
0.49931,0.14262,0.35688,-0.03779
-0.02182,0.26262,0.23416,-0.31459
0.18217,-0.089905,-0.16275,-0.68797
-0.17848,-0.3781,0.027236,0.037195
0.25607,0.46092,-0.32187,0.44271
0.050967,0.040401,-0.10062,-0.019063
0.067622,0.15285,-0.33541,-0.75499
-0.058958,-0.13695,0.079905,0.23608
0.55329,0.198,0.12161,-0.65799
-0.16192,-0.26094,-0.31483,-0.6102
-0.10061,0.31659,-0.44265,0.17142
0.43153,0.15913,-0.27555,-0.35984
0.15606,0.63344,-0.86502,-0.18188
0.23269,-0.1703,0.091699,-0.41448
-0.047763,0.049379,0.067303,0.15772
0.22427,-0.72232,-0.63816,-0.040695
0.02892,0.18524,0.030662,0.12682
0.53958,-0.05201,-0.24739,-0.27523
0.041593,0.25037,-0.26997,0.19499
0.18386,-0.37775,-0.11674,-0.63596
-0.20199,-0.20589,-0.39576,-0.2479
0.52864,-0.1659,0.045776,-0.40154
0.34976,-0.67608,-0.375,-0.87128
0.35072,-0.06285,0.19312,0.21568
-0.22984,0.3116,-0.11627,0.68422
0.098107,-0.081559,-0.61004,-0.82904
-0.35226,-0.21061,0.15489,-0.25157
-0.16992,-0.44694,0.13264,-0.2959
-0.021976,-0.12499,0.029748,-0.16595
0.56758,-0.10791,0.020228,-0.053042
0.11405,0.055621,-0.28473,-0.16146
0.31587,0.31428,0.50836,0.52717
-0.19175,-0.14388,0.29055,-0.0084211
0.092338,0.065737,0.090082,0.10075
0.0058746,-0.31631,0.04211,-0.31504
0.11659,0.43414,0.27089,0.10188
-0.19713,-0.10398,-0.030719,-0.22292
0.22315,0.12442,-0.19565,-0.0014719
0.18686,0.24321,0.17349,-0.15851
-0.54817,0.046642,-0.16728,-0.47214
-0.29248,-0.079624,-0.18723,0.18886
0.18633,-0.11231,-0.56498,0.39894
0.027964,-0.16191,-0.32193,0.51786
0.080712,0.2852,-0.17853,0.53859
-0.10273,-0.4821,-0.02604,-0.32751
-0.080665,0.358,0.074578,0.093991
-0.56718,-0.55016,-0.065797,-0.53902
0.62035,0.027076,-0.32164,-0.050723
-0.4195,0.74494,0.32174,0.68308
