0.18082,-0.0048135,0.15536,0.1533
-0.14521,-0.25385,-0.33099,-0.13769
0.21378,0.1323,-0.82981,-0.2128
0.29326,-0.032761,0.27665,-0.4485
-0.0066021,-0.42075,0.31419,0.08751
0.041272,-0.19418,-0.094076,0.18791
0.088149,-0.28679,-0.83255,-0.19501
0.42701,0.025545,-0.43548,-0.57151
0.054342,-0.27563,0.70407,-0.023212
0.1228,-0.65349,0.38802,0.3425
-0.21723,-0.0016403,0.00034981,0.20022
0.59495,-0.014532,0.50341,0.30065
0.62365,0.37041,-0.1742,-0.25327
-0.19419,0.11943,0.42156,-0.32312
0.35404,-0.21318,-0.0035414,0.29165
0.31443,0.096279,0.028457,-0.42147
-0.16005,-0.1124,-0.8586,-0.042645
0.031229,-0.015573,-0.36019,0.17225
-0.0098984,-0.26144,-0.033513,-0.0035929
-0.16752,-0.57258,0.26311,0.35546
-0.32226,-0.30085,0.036294,0.061926
0.012727,-0.14503,-0.10255,0.47063
0.028172,-0.13936,-0.35009,-0.41895
0.22361,0.23264,-0.016224,0.15463
-0.24658,-0.43639,-1.2539,0.56311
-0.35823,-0.25943,-0.10952,-0.21209
0.23121,-0.3384,-0.20467,0.67861
0.27512,0.077098,-0.42301,-0.093193
0.076613,-0.17116,-0.2146,-0.19343
0.08023,-0.16223,-0.17295,-0.19042
0.036004,-0.080475,-0.56823,-0.53672
0.017574,-0.74597,-0.5066,-0.075033
0.040353,-0.079584,0.62587,0.29199
0.052879,-0.87701,-0.15325,-0.02682
-0.062951,0.0043966,0.25311,0.1344
0.09283,-0.049477,-0.39633,0.14232
-0.064116,-0.24503,-0.037913,0.069891
-0.17594,0.086885,0.33816,0.7045
0.010702,0.4275,0.041246,0.40827
-0.17432,0.13358,0.48658,0.021976
0.35129,0.018139,-0.39915,0.50419
-0.19738,0.15016,0.037602,-0.0693
0.46814,-0.059221,0.30224,-0.0072582
0.12647,-0.44225,-0.10424,-0.49161
-0.055956,-0.36775,-0.0080748,-0.038007
-1.0139,-0.27263,-0.082961,0.38682
0.063536,0.016639,-0.075837,0.32215
0.29456,0.073176,0.23243,-0.056785
0.25201,-0.18617,-0.45363,0.46606
0.08985,0.10976,0.067325,0.11239
0.0095962,-0.28325,0.1094,-0.0057945
0.074476,-0.22473,0.2552,-0.26186
0.17984,-0.30289,-0.075625,0.12118
-0.13224,0.41159,-0.1123,-0.47007
-0.01,0.01611,-0.42093,-0.19061
0.28763,-0.52235,-0.55114,-0.071135
-0.14626,-0.15538,0.37252,-0.089186
0.30217,-0.44478,0.059513,-0.54747
-0.068663,-0.10737,-0.11223,0.16727
0.096951,-0.11835,0.10839,-0.14546
0.70943,-0.3122,-0.48572,0.026441
-0.012187,-0.033391,0.19304,0.082299
0.18298,-0.088162,-0.029242,0.396
0.044562,0.05389,-0.041652,0.28405
0.27294,-0.39967,-0.74854,-0.15659
0.53444,-0.16641,-0.48009,0.14848
0.022624,-0.30281,-0.28652,-0.58039
-0.060802,-0.051734,-0.24443,0.076821
0.077682,0.11604,0.22394,0.10526
-0.18447,-0.32227,-0.17004,0.68665
0.11911,0.039874,0.2615,-0.20515
0.30767,-0.019368,0.55753,-0.22961
0.12603,-0.20692,-0.4688,0.40624
-0.020567,-0.16211,0.11651,0.043778
0.29458,-0.52999,0.38651,-0.12173
0.047825,-0.24506,0.47291,-0.31012
0.075994,-0.27063,-0.037527,-0.098027
0.38706,-0.50155,-0.40238,0.16619
-0.0086403,0.02064,0.016391,0.088285
0.038607,-0.45169,-0.15747,0.086407
0.18141,0.20397,0.107,-0.099764
-0.025522,-0.47381,0.071971,0.2531
-0.10654,0.074123,0.3814,0.23311
0.068472,-0.21689,-0.2878,0.14327
0.64561,-0.094938,0.026791,-0.31694
-0.13246,-0.25791,0.10531,0.095499
0.20849,0.14976,-0.065351,0.51882
-0.28971,-0.012903,0.015616,-0.22378
-0.075448,-0.16717,-0.22641,0.14536
0.095758,-0.058571,-0.011866,0.59307
0.24875,-0.043541,-0.30846,-0.32631
0.20737,-0.92957,-0.24195,-0.81901
-0.23125,-0.13842,-0.073881,0.19393
-0.081995,-0.17909,-0.27762,0.56592
0.045873,0.31794,-0.42263,-0.16269
-0.037788,-0.018229,-0.10102,-0.098385
0.29821,0.064474,-0.27553,-0.25249
-0.36828,-0.38381,-0.24534,0.023486
0.064199,-0.072388,-0.21224,-0.29816
0.33817,-0.33292,0.085961,-0.24186
0.28425,-0.55883,0.18942,-0.35522
0.16762,-0.23075,0.46304,0.63033
-0.032365,0.014462,-0.25484,-0.18176
0.89871,-0.57193,-0.27389,-0.72768
0.2879,0.081038,-0.018558,-0.095436
-0.065596,-0.7132,0.52191,-0.20317
0.06487,0.13241,-0.26169,0.26248
0.35573,0.018778,0.64505,0.26494
0.41939,-0.36141,0.32926,-0.3233
-0.04127,-0.13645,0.16931,-0.11733
0.21836,0.3738,0.32962,0.66666
0.20655,0.27632,0.45447,0.19471
0.23308,-0.09907,-0.21568,-0.036831
0.16969,0.34634,-0.24857,0.08477
0.33945,-0.64862,-0.2071,-0.10299
0.34967,-0.62129,-0.35189,0.06568
0.027241,-0.046814,0.13889,0.047783
0.42018,-0.66382,-0.26706,0.41382
0.22386,-0.089208,-0.42275,0.027058
0.24736,0.068195,0.33334,0.0037393
0.30319,-0.55224,-0.94459,0.10568
-0.010701,-0.007091,-0.17704,-0.17905
0.019497,0.33232,0.27475,-0.023403
0.054455,-0.18042,-0.12035,-0.50429
0.17872,-0.37038,-0.19675,-0.48825
-0.084603,-0.42742,-0.40538,0.33125
0.10502,0.38956,-0.071586,-0.057509
0.026763,-0.92661,0.2581,-0.22922
0.19477,0.28597,0.14582,0.012443
0.14338,-0.024029,-0.075592,0.37376
-0.16499,0.27659,0.12913,-0.089373
-0.013708,0.054717,-0.44989,0.22361
0.20601,-0.30582,-0.020384,-0.33795
0.094893,-0.23944,0.48052,0.31728
0.27395,-0.55661,-0.18204,-0.44111
0.42084,-0.14777,0.50869,-0.10642
0.22361,-0.087418,-0.21405,0.30201
-0.23137,0.2414,0.084318,-0.29106
0.076131,-0.18593,0.20904,0.26865
-0.019529,-0.38216,-0.2604,-0.23198
0.16613,-0.19453,0.30804,-0.26125
-0.19849,-0.17231,-0.065756,0.15221
0.26887,-0.46851,-0.30226,-0.157
0.30911,-0.39909,-0.0035774,0.7092
0.01617,-0.17877,-0.72913,-0.59304
0.13241,0.11979,0.044243,0.081702
0.15158,-0.11619,-0.051287,0.13366
-0.17229,0.012016,0.032708,-0.22948
0.0043961,-0.34344,0.073945,-0.068346
-0.20831,-0.31762,-0.04115,0.41312
-0.31135,0.035165,0.0023305,-0.35262
-0.012759,-0.33817,0.16775,-0.38882
-0.047682,-0.58202,0.32497,-0.5548
0.13673,-0.23302,-0.19054,-0.24863
0.12408,-0.076297,-0.045853,-0.068928
0.20032,-0.15841,-0.31673,0.042853
-0.046902,-0.31674,-0.44221,0.24591
-0.16972,-0.48633,0.18199,0.022801
0.14662,-0.3745,-0.17544,0.0026658
0.093999,0.29541,0.25875,-0.64163
0.21105,-0.61468,-0.90749,-0.63373
0.032375,0.031845,-0.35183,-0.23504
0.27768,-0.62,-0.29482,0.077944
0.4794,-0.75682,-0.25858,-0.70562
-0.0083204,-0.024452,0.68431,-0.024026
0.22165,-0.099198,-0.025346,0.69108
-0.31367,-0.30199,-0.046272,0.028095
0.043005,-0.10706,0.2005,0.077041
0.23365,-0.29533,-0.70517,-0.39699
-0.029077,0.037933,0.085996,0.093477
0.070152,0.1844,-0.39352,0.12414
-0.19984,-0.31483,-0.073849,-0.043342
-0.015299,-0.14191,0.052643,-0.11291
0.17789,0.052149,0.060592,0.55928
-0.27456,-0.081176,0.17259,-0.10748
0.76489,-0.33646,0.10514,-0.39828
0.1145,0.12106,0.20363,0.036001
0.024028,-0.49771,-0.46107,-0.10824
-0.35632,-0.13549,0.14802,0.14353
-0.25455,-0.26775,-0.1298,0.43965
0.2885,0.048325,0.1397,-0.55465
-0.10183,-0.042092,0.095051,-0.05497
0.062215,-0.3045,-0.14803,-0.53176
0.044402,-0.13501,0.32547,0.20478
-0.23953,-0.28871,-0.48069,0.20494
-0.21978,0.29285,-0.36006,0.099277
0.12787,-0.24574,0.0096056,0.19492
0.36222,-0.40447,0.16031,-0.63955
-0.34429,0.024018,-0.19677,0.14805
0.40763,-0.75637,-0.21446,0.35913
0.098421,0.068968,-0.037163,-0.019442
0.0076716,-0.29721,0.098095,-0.26419
0.019079,0.10926,-0.00068496,-0.2539
-0.42521,-0.33183,-0.039154,0.071596
0.050501,0.1994,0.081174,-0.18743
-0.035489,0.022313,-0.32516,-0.16942
-0.21718,-0.087593,0.2693,0.095378
0.0065265,-0.11201,0.28857,-0.14442
0.02276,-0.16266,-0.25653,0.08287
0.45533,-1.0131,-0.21512,-0.63981
-0.037434,-0.26403,0.43518,-0.099066
0.075312,-0.76336,-0.32091,-0.16134
-0.44731,-0.054839,-0.62665,0.29605
0.080476,-0.040799,0.11273,-0.068578
0.43435,-0.063386,0.48061,-0.17872
0.036755,-0.20753,-0.12322,0.29418
0.17161,-0.040215,0.55188,0.2263
0.24925,0.12538,0.11606,0.090629
-0.04386,0.10704,-0.66647,-0.17434
0.18398,-0.026477,-0.40207,0.2324
0.11638,-0.50429,-0.12372,0.14241
0.12003,-0.63498,-0.22803,0.16402
-0.066665,-0.33537,0.12097,0.17629
0.21745,-0.37668,-0.35641,0.88943
0.098278,-0.28121,-0.35919,-0.27464
0.30627,-0.12707,0.54931,-0.34969
0.38683,0.053139,-0.75042,0.15212
-0.074454,-0.47281,-0.22794,-0.44071
0.15629,-0.51474,0.27672,0.53286
0.11306,0.018122,0.29876,0.49437
0.20546,-0.20521,0.087417,-0.14602
0.18527,-0.17312,-0.24679,0.070784
-0.12836,-0.2143,0.016885,-0.32034
-0.098798,-0.76016,-0.3408,-0.1943
0.085418,0.030188,0.22865,0.29418
-0.10941,-0.29172,-0.052255,-0.18241
-0.043179,0.42141,-0.047137,0.30079
0.11584,-0.23355,-0.44911,0.050346
0.01032,0.084594,0.14264,-0.025764
0.11042,-0.36215,0.24379,0.66167
0.15837,-0.15038,-0.077726,-0.32479
0.25306,-0.41235,0.5437,-0.28761
0.35943,-0.022635,-0.01458,-0.040754
0.16681,0.36534,-0.019385,-0.26238
-0.0026945,-0.073273,0.026595,-0.097224
-0.0006282,-0.37208,0.64275,-0.26902
-0.017348,-0.33593,-0.14852,0.09866
-0.11732,-0.72522,-0.21133,0.25679
-0.16827,0.088492,-0.071614,0.14864
0.11942,-0.12963,0.12969,-0.050233
0.21167,0.1023,-0.43562,-0.47936
-0.024019,-0.18732,-0.31028,0.12608
0.28203,-0.25145,0.56757,-0.073264
0.085495,-0.082617,0.29085,0.068303
-0.11281,-0.14659,0.26358,0.048246
0.26036,-0.36527,0.011028,0.12726
-0.39495,-0.10629,-0.13593,-0.44856
0.29166,-0.63864,-0.28298,0.10289
0.082259,-0.24652,0.32666,-0.3361
0.27085,-0.24199,0.0064487,-0.44218
0.38601,-0.21441,-0.087953,0.061414
0.14431,-0.36621,-0.60129,-0.11312
0.71236,-0.37592,-0.35998,-0.15905
-0.011525,-0.18712,-0.055971,0.016305
0.19285,-0.32582,0.29607,0.15297
0.27474,0.01423,0.15204,0.27761
0.14213,-0.35728,-0.61872,-0.5317
0.31006,0.039676,-0.49162,-0.048209
0.44148,-0.022904,-0.31899,0.10473
0.26759,-0.25567,-0.12941,-0.034392
0.15281,-0.00016762,0.026265,0.096483
0.30968,-0.2279,-0.17543,0.66803
0.07964,0.031469,0.030818,-0.29536
0.013363,0.45273,0.49435,-0.24753
0.33836,-0.24355,-0.65582,-0.22617
0.0095659,-0.11329,0.032762,-0.02768
0.11533,-0.11905,0.43373,0.15475
0.042328,-0.25349,0.50513,-0.3704
0.060246,-0.54806,-0.11197,-0.27367
-0.16615,-0.28374,0.12928,0.46168
-0.1442,-0.001924,-0.1382,0.05803
0.40987,-0.54591,0.67681,-0.40665
-0.0012515,0.44063,0.18129,-0.26008
0.15497,-0.54434,-0.00056359,-0.31068
-0.2725,-0.0075588,-0.26219,0.28552
-0.16697,-0.23116,-0.24984,0.3744
0.54,-0.23924,-0.00582,-0.44592
-0.076939,-0.18424,0.16217,0.21387
0.2687,-0.13151,0.092516,-0.40108
0.27599,-0.53644,0.63433,-0.073273
0.11325,-0.027074,-0.55827,-0.098827
-0.0054294,-0.1073,-0.39806,0.031909
0.24733,0.089542,0.14472,-0.072103
0.27414,-0.5583,0.045888,-0.78141
-0.26343,0.62563,0.0019749,0.42238
-0.2486,-0.28012,0.14388,0.66122
0.025504,-0.21726,-0.21661,-0.47818
-0.10402,-0.42133,0.073812,0.16916
0.095087,0.52257,-0.29199,-0.11184
-0.030941,-0.10968,-0.26617,-0.13314
0.28456,-0.18434,0.0075513,0.092255
0.048384,-0.10606,0.23714,-0.24763
0.10677,-0.35314,0.47697,-0.17974
-0.064807,-0.0064798,-0.31383,-0.028493
-0.16599,-0.050881,-0.24348,0.04157
0.24404,-0.47679,-0.14152,-0.36788
0.1493,-0.1174,-0.069757,0.11158
0.0549,-1.1598,0.10761,-0.38712
0.1606,-0.065846,-0.146,-0.36123
0.059758,-0.039134,0.11041,0.42645
0.24963,-0.4785,0.082366,-0.11052
-0.15842,0.22721,-0.09277,0.61148
0.078835,0.028079,0.22592,0.38991
0.32277,-0.44491,0.20807,0.20258
-0.30946,0.35358,-0.24711,0.55484
0.1463,0.19768,-0.054264,0.0042122
0.18681,0.017794,0.023021,0.28662
-0.016452,-0.50891,-0.29134,0.052557
-0.11389,-0.20067,0.25529,0.44415
0.34522,-0.45531,-0.213,0.57066
-0.1802,-0.53713,-0.31876,-0.049163
-0.23371,-0.083756,-0.27359,-0.082156
0.32862,-0.082202,-0.83836,0.031526
0.17739,-0.22765,-0.0040992,0.11863
0.009078,-0.4907,0.61423,-0.029981
-0.19326,0.12703,0.3421,-0.34516
0.17574,-0.41244,0.020832,-0.29941
-0.16163,-0.10872,-0.29858,0.35951
-0.16814,0.077763,-0.1526,-0.012533
-0.066406,-0.64877,0.021976,0.014866
0.11846,0.39333,0.20569,-0.36177
0.11887,-0.30543,-0.34478,-0.20087
-0.36871,-0.0038481,0.11117,0.03619
0.1689,0.025254,-0.17162,0.59454
-0.095986,-0.064433,0.15028,-0.32779
0.15921,-0.21872,0.54155,0.68757
0.013515,-0.1953,-0.24457,-0.77678
0.32194,-0.74264,0.22605,-0.0033782
0.35378,-0.086228,-0.16861,0.35241
-0.038184,-0.17771,-0.054534,-0.36116
0.22904,-0.3254,0.38546,0.18701
0.0099789,-0.14456,0.11677,0.0506
0.28128,-0.15881,0.020256,-0.004159
-0.13843,-0.26012,-0.021945,0.2981
-0.058997,-0.44285,0.15193,0.22933
0.01765,-0.39339,0.12538,0.37411
-0.042808,-0.21575,-0.60894,-0.52531
0.0064514,-0.020009,-0.13652,0.2282
0.070359,0.20796,0.055759,0.26945
-0.31585,-0.1775,0.21794,-0.4073
0.073853,-0.55835,0.44273,0.11291
-0.18489,-0.14943,0.27686,0.51901
-0.11734,0.22981,-0.30942,-0.13131
-0.3065,0.016032,-0.2845,-0.78899
-0.16586,-0.44769,0.27622,-0.48371
0.10837,-0.32286,-0.2145,-0.16985
-0.43187,-0.28791,-0.29876,0.18206
0.13192,-0.27562,-0.2609,-0.021245
0.19616,0.051265,-0.12262,0.026678
-0.12369,-0.28484,0.095333,-0.16978
0.045595,-0.29629,-0.25898,-0.029851
0.31871,0.17516,-0.12095,-0.34228
0.38461,-0.38887,-0.25035,-0.52209
0.38056,-0.10935,0.050885,-0.095953
0.37141,-0.20341,-0.3854,0.1934
0.068145,-0.81617,-0.17801,0.0028126
0.40389,-0.18463,0.28188,0.29758
-0.4447,-0.04731,-0.021714,0.43032
-0.19497,0.009269,0.17948,0.072195
-0.15167,0.42628,-0.083139,0.20689
0.14567,-0.43302,-0.68164,-0.39893
-0.005586,0.17813,0.14734,0.13843
0.10775,-0.32754,0.060232,-0.049569
-0.09307,-0.28161,0.52265,-0.22449
-0.026283,0.090496,-0.15562,-0.19843
0.32864,-0.018164,-0.24463,0.42327
0.034203,0.039262,-0.44958,0.028373
0.15271,-0.53059,-0.58834,-0.49029
0.12254,0.56907,0.36306,-0.30607
-0.11339,-0.41742,0.03596,-0.13025
-0.54392,-0.22291,-0.27569,0.07433
0.33948,-0.22962,-0.25922,0.087986
0.088904,-0.068897,0.031545,-0.3724
0.037589,-0.17928,0.25239,-0.30145
-0.0077423,-0.16071,-0.20002,0.2091
0.20596,0.10963,-0.064755,-0.1199
0.021004,0.079198,-0.33634,0.03408
0.1069,-0.15789,-0.16234,0.2707
0.46679,-0.20292,0.23091,-0.093325
0.27247,-0.28336,-0.16178,-0.93528
0.35772,-0.017113,0.015602,-0.051267
-0.3092,-0.33178,-0.3823,-0.35775
0.045568,-0.15578,-0.30254,-0.34558
0.14605,-0.036774,0.46801,-0.035206
0.012318,0.031562,0.13125,-0.17598
-0.034301,-0.07763,-0.22443,-0.33252
0.17464,-0.1401,0.18874,0.067222
0.10185,0.056314,0.33262,-0.4473
0.046266,-0.28442,0.054144,-0.19795
-0.14257,-0.083349,0.24543,0.53811
-0.038937,0.30776,-0.58029,0.25504
-0.21192,-0.31931,-0.50312,-0.28807
-0.051775,-0.20576,0.54218,0.046463
0.10234,-0.49047,0.15877,-0.37387
-0.12027,0.24309,-0.13107,0.2832
-0.1287,-0.059591,0.55251,0.37246
0.52025,-0.063044,0.20603,-0.36906
-0.14452,-0.43486,0.10582,-0.23817
0.28786,-0.077137,0.29214,-0.0063221
-0.019731,-0.12247,0.54122,0.033975
-0.17288,-0.021525,-0.52474,0.058561
0.17467,-0.075056,-0.12215,0.33244
-0.22227,0.11219,-0.33385,0.087649
0.061419,-0.59177,-0.045036,0.15714
0.63391,-0.12571,0.070305,-0.066315
-0.2345,-0.5195,-0.35545,0.20645
0.20784,-0.34447,-0.29238,-0.50684
0.34714,0.15291,-0.071558,-0.38214
0.4765,-0.32051,-0.65411,0.35428
-0.023479,-0.16853,0.082489,-0.054166
0.17603,-0.82289,0.16359,0.3433
0.26684,0.20281,0.003205,-0.32888
0.064132,0.10273,-0.25171,0.24064
0.11885,-0.067974,-0.087478,-0.55871
-0.020796,0.17486,-0.44486,-0.16745
0.36654,-0.40441,-0.5466,0.17577
0.15798,0.047851,0.25737,0.28382
-0.088104,-0.1749,0.27358,-0.069592
-0.49095,-0.28841,0.12872,0.57088
-0.054914,0.034254,-0.12729,0.10608
0.032648,-0.5106,-0.088254,-0.17374
-0.055717,-0.27604,0.3135,0.74803
-0.10254,-0.17007,0.07956,-0.094913
0.22662,0.025174,0.43844,-0.26192
0.22725,-0.11272,-0.08195,-0.10241
-0.0076176,0.18929,-0.13881,-0.0076132
0.17193,0.34103,-0.12879,0.19106
-0.086581,-0.49631,0.34842,-0.10328
-0.026362,0.11831,0.15604,-0.13835
-0.015508,-0.38357,-0.57366,0.20886
-0.031812,-0.07659,0.094638,0.31074
0.10497,-0.31759,0.37597,-0.16207
0.0037656,-0.1088,-0.582,0.20337
0.042625,0.25086,0.14576,0.11866
0.30037,-0.43535,0.3916,0.47522
0.014364,-0.038645,0.18754,-0.3884
0.088605,-0.34177,0.14444,-0.17293
-0.17401,0.21914,0.38982,0.21005
-0.2233,0.070537,-0.077595,0.072869
-0.043522,-0.32391,-0.64313,-0.13671
-0.1651,-0.094691,0.42981,0.075355
0.21292,-0.61882,0.57166,-0.3455
-0.10779,0.024541,-0.21566,0.0024904
0.026313,0.091484,0.026542,0.11787
0.33636,0.079411,-0.53531,-0.30862
0.10774,0.076919,0.29712,0.17191
0.32168,-0.26219,0.096875,-0.056698
0.033953,0.20149,0.24177,-0.46602
-0.0011904,-0.4209,-0.70656,-0.060228
0.12696,0.14379,-0.23767,0.19363
0.12667,-0.24725,-0.24759,0.18056
0.18601,-0.6541,-0.073651,0.085921
0.60827,-0.15713,0.54496,-0.037129
-0.029409,-0.077435,-0.37144,0.42417
-0.22053,-0.10927,-0.37958,0.016136
0.2213,0.1789,0.087297,-0.10628
0.25918,-0.50318,-0.29576,0.20368
0.086845,0.22678,-0.078657,0.06771
-0.015602,-0.40482,-0.18395,-0.02435
0.052594,-0.1726,0.33887,-0.39093
0.022625,-0.60835,0.095216,-0.17621
-0.15852,0.052614,-0.27227,0.75809
-0.14901,0.27703,-0.23842,0.12551
0.34873,-0.58014,-0.53436,-0.1717
0.24914,-0.22521,0.44946,0.03818
0.10455,-0.19313,-0.029997,0.060448
-0.092838,-0.016627,0.22265,0.21192
0.084448,-0.23371,-0.15268,0.13727
0.15687,-0.14976,-0.011894,-0.62042
0.18198,0.080013,0.29647,-0.046754
-0.0021564,-0.059163,-0.18312,0.51282
0.10153,0.16438,-0.054656,0.33256
0.28533,-0.23755,-0.086473,0.061021
0.24157,0.39239,0.15673,0.28464
-0.066083,-0.28866,-0.21967,0.038245
-0.031594,-0.69591,-0.21302,-0.55231
0.50115,0.048053,0.086774,-0.4064
-0.42966,-0.35149,-0.3098,0.14507
-0.045964,-0.47726,-0.42907,-0.1574
0.38399,0.19679,-0.16796,0.096938
0.08857,0.17115,-0.46282,-0.23936
-0.025109,0.14766,0.053675,-0.21443
-0.29386,-0.020334,-0.35369,0.31727
0.0065331,0.021858,0.031645,-0.48123
0.27445,-0.4148,0.26705,0.039738
-0.28752,-0.2204,0.26955,0.50927
-0.2273,0.34336,-0.36962,0.021949
0.32492,-0.22566,0.0037225,-0.016454
0.037577,-0.33696,0.34939,-0.15297
0.060783,-0.93659,0.051006,-0.22167
-0.058459,0.42977,0.16495,0.56152
0.36761,-0.05995,-0.12725,0.62513
0.15436,-0.58756,0.16399,-0.030059
-0.052445,0.059125,0.42703,-0.10666
0.0092199,-0.15064,-0.16628,-0.076892
0.61183,-0.027227,0.42599,-0.010563
0.08281,-0.091609,-0.42023,-0.1219
0.32352,0.16669,-0.47858,-0.53873
0.21131,-0.066021,0.021424,0.24503
0.082089,-0.88718,-0.29011,0.041874
0.23785,-0.076686,0.25019,-0.13855
-0.061524,-0.1915,-0.31463,-0.052939
0.12455,-0.23067,0.0059762,0.35311
0.13595,0.25262,0.21754,-0.0044192
0.11215,-0.23796,-0.53204,0.10886
0.0047636,0.42372,-0.034241,0.37834
-0.035238,-0.36551,-0.27849,0.2097
0.078627,-0.23731,-0.043122,-0.46622
-9.959e-05,-0.23882,-0.2145,-0.70211
0.37713,-0.081347,-0.42805,-0.0092534
0.040846,-0.69162,-0.26889,0.15209
-0.022416,-0.39122,-0.3389,-0.25905
0.026259,-0.16475,0.22565,-0.099518
0.079138,-0.17655,0.11618,-0.32543
-0.25055,0.18697,-0.33086,0.46366
-0.16721,0.12377,-0.057638,-0.17591
0.2063,0.037376,0.19088,-0.60395
0.0098563,-0.15435,0.39774,0.21342
0.10091,-0.3325,-0.04131,-0.45781
0.68769,-0.16129,0.53987,-0.06019
0.20913,0.084658,-0.36071,-0.59627
0.32502,-0.033071,-0.22914,-0.065848
-0.018275,-0.071285,-0.01199,0.31866
0.18688,-0.40126,0.097277,0.21187
-0.20078,0.30325,0.36837,-0.13605
-0.059065,-0.34891,-0.02776,0.049377
0.035687,-0.21074,-0.11415,-0.031765
0.035163,-0.12612,0.2726,0.21088
0.020273,-0.12898,0.061525,0.20007
-0.079344,0.17076,-0.18309,0.15838
-0.096815,-0.35565,-0.11136,0.27542
0.0075513,0.13902,-0.01507,-0.30532
-0.1307,-0.20267,0.048081,-0.010362
-0.0058303,-0.25785,0.27771,0.8081
-0.14112,0.27835,-0.37118,0.086004
0.34662,0.032603,0.13564,-0.36301
-0.076755,-0.44218,-0.03003,0.30323
0.1221,-0.19342,0.14431,-0.13199
-0.1849,-0.0053647,0.11883,-0.30313
0.12955,-0.40039,0.0512,0.16537
0.21567,-0.054852,-0.12396,-0.35473
-0.24396,-0.33907,-0.097131,-0.022209
0.10285,-0.3598,0.088976,-0.31682
-0.29305,-0.13847,0.32432,0.21987
-0.24577,-0.64514,-0.62156,-0.30002
0.38586,-0.1478,-0.42315,-0.16186
0.14147,-0.40994,-0.73691,-0.074782
0.23131,-0.75173,-0.34252,-0.25144
0.31587,-0.28315,-0.013254,0.074609
0.29858,-0.50366,0.25278,0.57605
-0.26211,-0.20805,-0.28499,0.13366
0.077591,0.35941,0.23679,0.50481
0.37141,-0.16126,-0.54841,-0.40895
0.050444,-0.13585,0.21857,0.22321
0.043328,-0.34338,0.27666,0.22259
0.29923,-0.29159,0.54087,-0.20835
-0.092516,0.031584,0.20874,0.11202
-0.052911,-0.22239,-0.49447,0.68388
-0.013657,0.22763,-0.3945,0.13793
0.24824,0.11418,-0.3512,-0.06913
-0.11211,-0.012063,0.24756,-0.037526
0.17631,-0.27996,-0.18527,-0.33416
-0.10466,0.052347,0.090936,0.66001
0.15532,-0.13562,0.051086,0.11791
0.18298,-0.075563,-0.22233,-0.1457
0.085555,0.010778,0.42308,-0.17725
-0.058678,-0.10532,-0.3718,-0.37316
-0.17714,0.21255,-0.058152,0.48102
-0.17553,0.4087,-0.40397,-0.00028512
0.17623,-0.093049,-0.19906,0.20549
0.021929,0.17558,-0.29597,0.30328
0.27394,-0.33104,-0.13904,-0.43068
0.41516,0.0062562,0.030978,-0.14199
0.022555,-0.49793,-0.34487,-0.42698
-0.057146,0.035344,-0.77486,-0.090852
0.017832,0.45529,0.32164,-0.17499
0.10713,0.062925,-0.49455,0.012119
0.23643,-0.1083,-0.23783,-0.36291
-0.26845,-0.27004,-0.20123,0.46988
0.35674,-0.18937,0.53696,-0.23182
-0.5063,-0.24767,-0.073706,-0.16424
-0.12181,-0.24963,0.083861,0.11744
-0.080255,-0.043215,-0.15457,-0.065953
0.41368,-0.59189,-0.38889,0.017158
0.093824,0.15417,0.14533,0.039919
0.064951,-0.70085,-0.29907,-0.3664
-0.44125,0.56384,0.3305,0.56013
0.26141,0.13519,0.0060641,-0.036244
0.34453,-0.27825,-0.38341,-0.032701
-0.18612,-0.2475,0.32019,-0.17663
0.21102,0.30784,0.12605,-0.1715
0.0056712,-0.054297,0.09453,0.27031
0.019502,-0.19112,-0.22005,-0.022373
0.36589,-0.057819,-0.096286,-0.41114
0.16719,-0.075433,-0.41315,0.22398
0.080402,-0.541,0.19898,0.14365
0.41361,0.057902,0.74026,0.28485
0.021805,-0.40248,-0.055112,0.22414
0.12974,-0.43029,-0.46003,-0.022437
0.062614,-0.16,0.3017,-0.30513
0.22549,-0.37067,-0.6398,0.069534
0.23453,-0.23134,0.15976,-0.18699
-0.18334,-0.34648,0.14084,0.46555
0.36731,-0.34316,-0.0025861,0.074243
0.32751,0.044186,0.46578,0.27753
-0.034819,-0.31093,-0.25829,-0.14475
-0.18518,0.28987,0.051101,-0.25152
0.21575,-0.22462,0.069177,0.14811
0.063264,-0.46753,-0.055697,0.17196
0.14392,-0.35538,0.1724,0.28974
-0.073851,0.17026,-0.44207,0.28585
-0.047049,-0.12057,-0.14846,0.19073
-0.078928,-0.12757,-0.38001,0.23585
-0.13166,-0.10261,0.42813,0.64114
0.2583,-0.076753,0.36744,-0.067709
0.28422,-0.65302,0.11663,0.321
0.065547,-0.39367,-0.24199,0.015506
-0.47048,0.1567,-0.073941,-0.018489
0.077823,0.1789,-0.41648,0.13879
0.17707,-0.63321,0.11579,-0.11191
0.41361,-0.18668,0.11506,0.28001
0.19672,-0.22342,-0.29099,-0.094099
-0.051464,-0.38216,-0.40344,-0.034544
-0.56065,-0.0032147,0.073424,-0.038075
-0.00049813,0.17417,-0.28408,-0.097537
0.33961,0.1626,0.42536,0.033131
-0.45715,-0.11338,0.15503,-0.076057
0.087849,0.00083875,0.34168,-0.072207
0.044406,-0.29637,-0.01858,0.06189
0.17523,0.1131,-0.082548,0.39069
-0.65366,0.18126,-0.47893,-0.4338
0.062228,-0.53591,0.080621,-0.0097662
0.060135,0.10771,0.065083,-0.33527
0.17588,-0.2837,-0.14648,-0.30964
-0.19653,0.35486,-0.0024687,0.20735
-0.06023,-0.12181,-0.092304,0.342
0.4424,-0.15276,0.014292,-0.27269
-0.050738,0.15386,0.14873,0.18889
0.26133,-0.2911,0.41284,-0.39404
0.083087,-0.034444,0.25811,0.56729
-0.027665,-0.35343,-0.38605,-0.60348
0.43428,-0.14295,-0.059935,-0.099274
0.35221,-0.23815,-0.72051,0.48961
0.3959,-0.059324,0.0017785,-0.17888
0.18478,-0.80669,-0.14966,-0.23554
-0.073027,-0.27434,-0.27358,0.10866
-0.12458,-0.44577,-0.36187,-0.48689
-0.41089,0.090817,0.184,0.11099
0.093911,-0.078968,-0.32107,-0.42341
0.085422,-0.13933,0.45178,0.04377
-0.24616,-0.20567,-0.17836,0.23457
0.024436,-0.41129,0.49346,-0.15497
-0.1056,-0.11644,0.2021,-0.33565
0.16168,0.12126,0.021087,-0.058263
-0.34112,-0.11543,-0.34811,0.1424
0.28746,-0.37306,0.078075,0.38312
-0.042804,-0.018242,0.1523,-0.048075
0.083397,-0.60672,-0.098788,0.0028974
-0.56793,0.051361,-0.25838,0.5213
-0.24208,-0.20462,-0.41048,0.35597
0.097179,0.0070421,-0.0855,0.063333
-0.10049,-0.25002,-0.022003,0.086194
-0.058038,-0.067519,0.031655,-0.37168
0.007165,-0.24645,-0.15396,-0.10473
0.21202,-0.49598,-0.31474,0.1651
0.41361,-0.33938,-0.29746,0.24661
0.12771,-0.0093497,-0.49059,-0.023193
0.088516,-0.249,0.076009,-0.19572
-0.089726,-0.07177,0.64907,-0.16021
0.015559,-0.50837,-0.41842,0.14526
0.15949,0.1429,0.21314,0.02997
-0.24803,0.32227,-0.14035,-0.19007
-0.088363,0.22447,0.060119,-0.42002
-0.091509,-0.65983,-0.28716,0.11235
-0.092564,-0.63961,-0.3342,-0.073658
-0.28879,-0.042658,-0.11963,-0.19944
0.24162,-0.39041,0.10542,-0.29142
0.10932,-0.20008,-0.0067888,-0.10248
-0.17486,0.12884,0.335,-0.13799
-0.21103,0.2208,0.33808,-0.073441
0.016095,-0.042248,0.27778,0.097684
0.17973,-0.60195,0.20575,0.10299
-0.18171,0.13219,0.20947,-0.02529
-0.023838,-0.072221,-0.41232,-0.0049328
0.60928,0.016689,-0.1272,-0.0038532
-0.062822,-0.15259,0.42446,0.099566
0.054639,-0.39057,-0.14337,-0.25476
-0.18236,0.0034141,0.026443,0.52356
0.0088328,-0.18256,-0.23769,0.34505
0.30049,0.074655,-0.07764,0.094221
0.21453,-0.2433,-0.32588,0.335
0.31431,-0.49719,-0.28575,-0.3808
0.23149,-0.10597,0.65996,0.0070701
0.14679,-0.4558,-0.18559,0.22081
0.5617,-0.20397,-0.16898,0.24351
0.013749,0.27536,-0.11432,-0.072506
0.24298,-0.22613,-0.85058,-0.35134
0.35065,-0.29041,0.010114,0.23333
-0.14679,-0.37397,-0.15986,0.31261
0.037378,-0.43615,0.41057,-0.59182
0.26194,-0.29716,-0.026705,-0.22751
0.23701,-0.14497,-0.23954,0.65445
-0.32213,-0.10633,-0.18815,0.11657
0.078556,-0.31188,-0.20273,0.28725
-0.16593,-0.39172,0.10015,-0.22939
0.30535,0.58666,0.29897,0.26826
-0.24102,0.31107,0.0135,0.44668
-0.028709,0.08854,0.050849,0.10202
-0.030092,-0.041441,-0.21247,-0.52138
-0.13918,0.17217,0.1071,0.057474
0.074679,-0.56636,-0.24854,-0.66446
0.1219,-0.17868,-0.13813,-0.092543
0.11686,0.22856,-0.026165,-0.14335
0.46839,-0.43001,-0.048648,-0.53006
0.056593,-0.21313,0.15515,-0.2006
0.013293,-0.27009,0.37792,-0.17507
0.08434,0.24895,0.84452,0.10524
-0.084993,-0.25471,-0.13289,-0.36813
0.33537,-0.32077,-0.11185,-0.13708
-0.25567,-0.052929,0.23359,0.040744
-0.08778,0.034076,-0.30366,-0.08749
0.18237,0.19791,0.21446,-0.092279
-0.22572,-0.0020999,-0.44853,0.13735
0.12629,0.40209,0.092604,-0.31256
-0.17492,-0.38456,-0.048737,-0.30928
0.064022,-0.15111,-0.27284,0.43529
0.076345,0.24497,0.1915,-0.25472
0.083422,-0.14253,-0.43865,-0.18053
-0.11493,-0.24078,0.24448,-0.14759
0.060504,-0.22996,-0.015967,-0.39962
-0.35683,-0.30733,-0.23123,0.2377
-0.12159,-0.23918,-0.22801,-0.0086466
0.52043,-0.3584,0.022167,-0.45978
-0.15166,-0.12124,0.19112,0.06939
0.10534,-0.077186,-0.18825,0.063051
0.40818,-0.087138,0.39312,0.23956
0.031284,-0.2486,-0.05416,-0.40051
0.63207,0.50393,0.34549,-0.32923
0.23919,-0.3272,-0.18348,-0.067357
0.16147,-0.53996,-0.42232,-0.49002
0.36854,-0.25825,1.0647,0.1885
0.1671,-0.49978,0.052665,0.082313
0.15164,-0.19258,-0.058266,-0.0012327
-0.22199,0.29223,0.10225,0.097244
-0.0088854,-0.16635,-0.38213,-0.49232
-0.10596,0.012267,0.30435,0.17548
0.016802,-0.1363,0.10023,-0.0032315
-0.059605,-0.24797,0.77989,-0.12049
-0.071395,0.20417,0.41081,-0.33763
-0.28162,-0.11046,-0.53015,0.54342
0.18828,-0.10651,0.03454,0.038413
0.043322,-0.35412,-0.15713,0.23591
-0.036672,-0.24318,0.085611,-0.21443
-0.013399,-0.50888,-0.050977,-0.28339
-0.11771,-0.030226,-0.16038,0.31509
-0.17428,-0.00058259,-0.17675,0.092484
0.00035218,0.0087167,-0.27674,-0.31024
-0.10861,0.060447,0.21486,0.0005073
0.17288,-0.018095,0.14529,-0.17908
0.016687,0.063105,-0.15304,-0.039624
0.29881,-0.33803,-0.22091,0.065079
-0.016802,-0.26706,0.19383,-0.17959
-0.17808,-0.26143,-0.5235,0.3183
-0.043237,-0.64132,0.083301,-0.50196
0.26635,-0.20918,0.42692,-0.036296
0.0067975,-0.54057,-0.64233,-0.16493
-0.11911,-0.69965,-0.31681,-0.24324
-0.2324,0.4235,0.017017,-0.23028
-0.1113,0.052956,-0.15811,0.1437
0.193,0.047157,-0.24992,-0.46473
-0.34701,-0.12058,-0.21425,0.50177
0.12625,0.029483,0.77364,-0.27806
-0.21342,-0.41008,-0.28997,-0.12854
-0.010068,-0.30785,-0.3003,-0.052443
-0.0086358,0.12586,0.07888,0.14946
0.14382,-0.040143,-0.068749,-0.07107
0.13097,-0.051956,-0.16506,0.058089
0.019864,-0.60287,0.11697,-0.13779
-0.50159,0.34332,-0.18069,0.39571
0.15037,0.10344,-0.070553,-0.01907
0.38067,-0.40314,-0.14378,0.17704
-0.050609,-0.13588,0.42448,-0.21024
0.34381,0.3487,0.47479,-0.30587
-0.039931,-0.10164,0.26443,0.46656
-0.089248,-0.034904,-0.54583,-0.017831
0.039875,-0.10857,-0.52555,0.0022785
0.29029,0.1591,-0.50154,0.16454
0.13474,-0.60449,0.030602,0.20285
-0.11053,-0.093964,0.61336,0.21955
0.012254,-0.34064,-0.35689,0.12081
0.20596,-0.46123,-0.39951,-0.58663
-0.092645,0.14911,0.063113,-0.24993
0.14628,-0.077259,-0.68977,-0.047214
0.37956,-0.39104,-0.22908,0.03947
-0.0024509,-0.28775,-0.24849,0.25275
0.21335,-0.46901,0.027751,0.12589
0.078505,0.0066531,0.33134,0.1658
0.14617,-0.24033,-0.27411,-0.24334
0.12179,-0.17002,-0.0887,-0.19608
0.057528,-0.35069,-0.15057,-0.041488
0.037133,-0.47432,-0.26629,0.39534
0.048845,-0.3661,0.11539,-0.31706
-0.2304,0.10991,-0.28451,0.56265
-0.11032,0.34997,-0.057585,-0.044357
0.13232,-0.42115,-0.20112,0.1409
-0.077848,0.30217,0.57891,0.42338
0.13446,-0.00097225,0.40793,-0.52558
-0.13972,-0.089112,0.88716,0.27765
0.17214,-0.14734,0.15797,0.21018
0.011671,-0.19506,-0.34704,0.020611
-0.060604,0.0034657,0.20507,-0.22473
-0.081374,-0.27365,0.1839,-0.14328
0.28002,0.26346,0.30338,0.20359
-0.20022,-0.50216,-0.17671,0.039301
-0.17643,-0.26149,-0.13951,0.27259
-0.04492,0.25991,0.15073,-0.10369
-0.10592,-0.076578,-0.10534,0.17794
-0.092503,0.069988,-0.36766,-0.080351
0.12701,0.17368,0.0044532,0.482
0.19117,-0.11364,0.52395,-0.22743
0.044235,-0.50153,0.046302,0.079465
-0.058946,-0.33147,0.11717,0.11939
-0.27607,0.15962,0.11852,0.053575
-0.017298,-0.17085,-0.21582,0.12468
0.058226,0.23386,0.031934,-0.37904
0.33124,-0.35525,0.29259,-0.06822
-0.29984,-0.21158,-0.13081,-0.024975
0.020782,-0.031103,-0.18567,0.13002
0.38627,-0.20304,-0.37734,-0.19636
0.050351,-0.11455,0.079393,0.11672
0.3572,-0.42276,0.33904,-0.23916
-0.53484,0.082837,0.39945,0.26338
-0.066007,-0.18514,-0.3793,0.076845
0.40794,0.012601,-0.196,0.23193
0.061002,-0.12696,-0.18373,-0.12267
-0.092825,-0.26679,-0.17706,-0.27861
0.39729,0.11606,0.20438,0.2729
-0.088946,-0.27026,0.060476,0.1979
0.13883,-0.017584,-0.4238,-0.15439
0.12772,-0.038164,0.25106,-0.098164
0.18893,0.02976,-0.43219,0.21027
0.13329,0.26689,0.11891,-0.21256
-0.028749,-0.16281,0.27388,-0.11138
0.2689,-0.44101,0.25067,-0.25365
0.33342,0.26125,-0.049789,-0.10431
-0.079536,-0.31059,-0.1272,0.56873
0.046954,0.10182,-0.40947,0.24658
-0.075844,-0.20671,-0.081286,0.085436
0.24676,0.18588,-0.19594,-0.059115
0.39446,-0.057491,0.2994,-0.10591
-0.27249,-0.023485,-0.0075523,0.59599
-0.1585,0.08341,0.0971,0.22698
0.56818,-0.27448,0.069717,-0.66582
-0.036763,-0.027088,0.05892,0.05228
0.37858,-0.37866,-0.011474,-0.0088163
0.12879,-0.14222,-0.55359,-0.10461
-0.10206,-0.077173,-0.043981,0.29204
0.071614,0.043506,-0.32997,0.26403
0.17174,-0.10916,0.035449,0.21088
0.16403,-0.82079,-0.25411,-0.42604
0.060584,0.022158,-0.071039,-0.11983
-0.14826,-0.39539,-0.10026,-0.23031
0.49762,-0.25936,-0.90205,-0.28611
0.022589,0.040794,0.43545,0.023354
0.11318,-0.13018,-0.89375,0.029896
0.11359,-0.18504,-0.038809,-0.28436
0.036925,-0.6663,0.33972,0.20593
0.29709,-0.13133,-0.15056,-0.46985
0.36999,-0.46335,0.33856,-0.30703
0.30226,-0.46228,0.3145,0.067155
-0.13881,-0.062732,-0.60617,-0.0114
0.0064366,-0.23743,0.49537,-0.1304
-0.21459,-0.3979,0.182,0.38131
0.072751,-0.93179,0.335,0.030327
-0.14234,-0.04956,-0.25112,0.051311
-0.1504,0.04524,0.55092,0.5079
0.29572,-0.44459,-0.39765,0.4862
-0.20852,-0.1563,-0.029043,-0.32419
0.1864,0.10301,0.011566,0.17371
0.022684,0.074295,0.036439,0.8524
0.057197,-0.20632,-0.055589,0.23661
0.66114,0.044611,0.04317,-0.047379
0.4754,-0.39463,-0.14181,-0.36422
0.15493,-0.87352,-0.35604,-0.10029
0.026824,0.38978,0.29056,0.28099
-0.15441,-0.35048,-0.16674,0.098517
0.45184,-0.5587,-0.26909,-0.62609
-0.17744,0.29882,0.18448,-0.018819
0.13418,-0.22927,-0.18118,-0.12579
-0.38942,-0.034042,-0.029448,0.2774
0.26136,-0.55601,-0.30745,0.14959
0.0432,-0.2974,-0.65275,-0.73062
0.097421,-0.032007,0.1899,-0.14352
0.15512,-0.24509,-0.4163,-0.35901
-0.20204,-0.11117,-0.20706,-0.055783
0.58916,-0.15215,0.1441,0.1532
0.11719,-0.30051,0.04818,-0.15837
0.072816,-0.38571,0.32894,-0.47932
-0.20059,-0.26961,-0.23073,-0.13888
-0.47828,0.38472,0.02856,0.12405
-0.39664,-0.19834,-0.006771,0.036584
-0.019312,-0.05789,0.30668,-0.25878
-0.041712,-0.41415,0.036657,0.34056
-0.010183,0.15064,0.15376,0.12874
-0.1728,-0.092557,-0.1498,0.34673
-0.18047,-0.64498,-0.50326,0.31874
0.048549,-0.30126,0.11762,0.079733
-0.067618,0.074184,0.21191,0.028726
-0.062545,0.093688,0.096742,-0.1479
-0.082384,-0.18443,0.19226,-0.03928
0.18408,-0.29699,-0.45084,-0.020902
-0.075857,0.18235,0.43835,0.25205
-0.10103,-0.27892,-0.019524,0.58508
0.05702,-0.3751,-0.070961,0.12124
-0.0064788,-0.22893,-0.16241,0.26803
0.11175,-0.21969,-0.084101,-0.21571
0.078615,-0.28642,0.25701,0.018366
0.39782,-0.0089239,-0.016782,0.23465
0.4076,0.089123,-0.82524,0.10593
-0.16607,-0.11547,0.0246,-0.41994
-0.20259,-0.23615,0.056236,0.19795
0.031405,-0.12918,0.19078,-0.14185
-0.15401,0.019692,-0.17874,-0.22974
-0.053344,-0.14402,0.40611,0.036562
0.30236,-0.8541,-0.42358,0.096275
-0.021719,-0.21428,0.013661,-0.056962
0.10997,-0.14595,0.40043,0.14097
0.0797,0.15323,0.43829,0.11322
-0.089595,-0.20361,-0.32929,0.023918
0.4427,-0.1839,-0.26952,0.25305
0.22937,-0.18289,-0.5424,-0.31479
0.094614,-0.36882,-0.07243,-0.43771
0.16841,-0.1731,0.22841,0.69993
0.045599,-0.40496,0.013054,0.00091587
0.099671,-0.504,-0.64396,-0.53512
-0.11388,0.18539,0.39573,0.12962
0.2449,0.40565,-0.030576,0.03486
0.45347,-0.10095,0.16536,0.17177
0.060857,-0.091079,-0.20591,0.057226
0.13515,-0.1874,-0.22028,-0.28148
-0.086295,0.061653,0.60912,0.19822
-0.13828,-0.7521,-0.26096,0.34742
0.16518,0.021091,-0.31127,-0.021647
-0.10182,0.1472,0.06965,0.1304
-0.13777,0.076899,0.40978,0.20904
0.051521,-0.38697,0.17349,0.10653
-0.37564,-0.19092,-0.022639,0.045171
-0.15853,-0.065446,0.24135,0.4868
0.1236,-0.51321,-0.05849,0.19517
-0.047808,-0.30031,0.3474,0.0069502
0.15193,0.39198,0.2168,-0.3566
0.094154,-0.2505,0.36643,0.33857
-0.0093591,-0.19178,-0.0492,0.25176
0.72087,-0.31776,-0.19716,-0.14129
0.15065,-0.11934,-0.031569,-0.16877
0.33053,-0.5952,-0.16049,-0.57271
-0.16207,-0.29385,-0.14502,-0.37258
-0.20896,-0.29634,-0.21668,-0.074507
0.33818,-0.62265,-0.60409,-0.18898
0.3025,0.10564,-0.095489,-0.24922
0.21958,-0.04861,0.014417,0.36335
0.29414,0.22473,0.17421,-0.027998
0.32476,-0.28705,-0.013297,-0.47089
0.50139,-0.29005,-0.12316,-0.73952
-0.30764,-0.32222,0.23212,-0.058754
0.26964,-0.616,0.25756,0.059922
0.8031,0.19906,-0.27374,-0.48008
0.30467,-0.22974,-0.25946,-0.21526
0.32683,-0.15682,0.43234,0.18921
0.10957,-0.15517,0.21725,-0.008982
-0.11656,0.074773,-0.039951,0.062264
0.29201,0.19116,-0.083834,-0.1345
0.33213,-0.85034,-0.38721,0.39597
-0.3075,0.14019,-0.14572,-0.31516
0.28726,-0.16949,0.20373,-0.086079
0.30833,0.10993,0.38043,0.76246
-0.03089,0.15231,-0.054695,0.016026
0.3553,-0.060354,-0.092571,0.023791
0.39048,-0.18492,-0.31548,0.19362
-0.04317,-0.41905,0.07885,-0.016276
0.25618,0.23076,0.22833,0.66868
-0.15652,-0.32026,-0.32172,0.23821
0.27634,-0.4683,-0.62553,0.11133
0.25597,0.39553,-0.11713,-0.13754
0.17329,0.025405,-0.19503,-0.30164
0.28051,0.075945,-0.20417,-0.031944
0.14947,-0.29622,-0.74191,0.013372
0.22036,-0.34922,-0.46485,0.39672
-0.084763,-0.03213,0.17118,1.0072
-0.025855,-0.067858,-0.21369,-0.1414
0.28271,0.33024,-0.16334,-0.12197
0.090586,-0.19344,-0.54533,-0.44248
0.13613,-0.36635,0.006436,0.29156
0.30715,-0.033716,0.18144,-0.052043
0.16661,0.06826,-0.38608,0.42243
-0.069201,0.184,0.065812,0.37289
-0.10351,0.013985,-0.49294,0.21453
-0.028267,0.011816,0.35191,-0.20893
-0.089165,-0.036341,-0.16414,0.56965
-0.013751,0.42703,-0.21482,0.1556
-0.13396,0.46544,0.30695,0.089049
-0.16203,-0.078711,-0.31698,-0.10651
-0.13148,-0.39064,0.22464,-0.20168
0.052988,-0.28511,0.075277,0.058849
0.092376,-0.14082,0.19343,0.13718
-0.1499,-0.52177,-0.23061,-0.14443
0.28137,-0.25757,-0.8812,0.025261
-0.030579,0.055876,0.28518,-0.12403
-0.084298,-0.066772,-0.28012,-0.013077
-0.099397,0.13299,0.04907,-0.078326
0.053984,-0.24901,-0.21611,-0.18915
0.26511,-0.16843,0.30387,-0.31627
0.007625,0.15123,0.3175,0.094651
0.31872,-0.27185,-0.080792,-0.010334
0.21471,0.080282,-0.35036,-0.24205
-0.23983,-0.0311,-0.22383,-0.22339
0.12829,-0.27354,0.028012,0.013777
0.17538,-0.2299,0.54308,-0.1388
0.78427,-0.83415,-0.67791,-0.62026
0.26305,-0.16123,-0.13911,0.20256
0.18943,0.13824,-0.45432,-0.03122
-0.065069,0.013373,0.092021,-0.1929
0.27519,-0.38054,0.17021,0.26582
-0.076636,0.26185,0.080519,0.42004
-0.20626,-0.53033,0.11426,-0.023387
-0.19018,0.011146,-1.2667,-0.075673
0.14658,-0.23814,-0.30374,-0.015982
0.1776,0.047121,-0.44125,-0.14577
0.0273,0.20228,0.10488,-0.10068
-0.1936,0.022529,-0.042969,0.11034
0.33604,-0.45772,-0.53765,-0.28325
-0.39312,0.26534,0.13066,0.00093751
-0.016909,-0.073674,-0.29395,-0.15513
0.22337,-0.1082,-0.047716,-0.56757
-0.031596,-0.094896,0.0076014,-0.20799
0.21234,-0.49865,1.0794,-0.34792
-0.17991,-0.014061,0.22134,0.065701
0.07203,-0.38434,-0.10914,0.23155
-0.078778,-0.11118,0.037157,-0.0076317
-0.59469,-0.21148,0.42295,-0.34708
-0.1567,0.14459,0.26668,0.35945
0.13548,0.3588,-0.0088291,0.041644
-0.10576,-0.47813,-0.13814,0.060096
-0.26053,-0.037882,-0.031563,0.22318
0.038414,0.14316,-0.28828,0.43052
-0.037358,0.14956,0.38005,-0.094942
0.20554,-0.4243,0.33836,0.038296
-0.012535,-0.12749,-0.55464,0.505
0.00672,0.26787,-0.067581,0.43785
-0.14228,-0.47553,-0.45163,-0.048406
0.16196,0.10203,-0.20115,0.22698
0.2447,-0.091273,-0.059489,0.046427
0.13673,-0.23162,-0.10876,0.10267
-0.066719,-0.318,-0.10289,0.38948
0.30994,-0.40633,-0.83269,-0.24663
0.12881,0.48601,0.30095,-0.061842
-0.34208,-0.23027,-0.1584,-0.25274
0.13608,-0.17093,0.47729,-0.34733
0.12545,-0.53222,-0.036312,-0.60783
0.12259,-0.11177,-0.14175,-0.087244
-0.10312,-0.20585,-0.31732,-0.2381
0.079903,-0.27123,0.1237,-0.012786
0.24758,-0.22995,-0.00093432,-0.21587
0.31304,-0.003284,0.35136,-1.0664
0.078269,-0.29919,0.25872,-0.088588
-0.10704,-0.38268,0.47701,0.093625
0.38416,-0.31194,-0.50996,0.14303
-0.36178,0.20958,0.13714,0.51897
0.21215,0.077965,-0.10123,0.59887
-0.18417,0.003807,0.054348,-0.26923
0.25786,-0.04652,0.32681,0.16972
0.23099,-0.050304,0.18566,1.2155
-0.46486,-0.26075,0.088828,0.20986
0.14422,-0.010579,-0.36298,-0.15377
0.22027,-0.43278,-0.2554,0.34575
0.13593,-0.54569,-0.31488,-0.082824
0.64557,-0.019424,0.70047,0.2545
-0.15705,-0.41844,-0.043474,0.357
0.67824,-0.49119,-0.45186,-0.065112
0.19692,-0.01047,-0.16049,-0.13259
-0.08082,0.0094882,-0.60911,-0.16889
0.067998,0.21063,-0.14949,-0.0032396
0.17884,-0.18026,-0.3224,-0.45686
0.30271,-0.32856,0.28658,-0.71646
-0.033999,-0.15746,0.078316,0.13792
0.14968,-0.69276,-0.17765,0.25377
0.11185,0.054753,-0.11368,0.19743
-0.077515,-0.94972,-0.18225,-0.54983
-0.13271,-0.24396,0.11769,-0.25324
0.081078,-0.083435,-0.025658,-0.053827
0.091992,-0.12585,-0.21821,-0.10097
0.1504,-0.071747,0.11785,0.52146
-0.16432,0.0036037,-0.21949,0.50692
-0.35025,0.25748,0.0076096,-0.067177
0.19995,-0.6598,0.017923,0.54002
0.1945,0.35214,-0.36936,0.53074
-0.14313,0.17915,0.31803,0.030203
0.02178,0.061061,-0.30473,-0.65218
-0.10233,-0.010647,0.10572,-0.23703
0.023147,-0.47423,-0.09053,0.031131
0.020622,0.07812,0.60054,0.50798
-0.26343,-0.47527,0.27742,-0.099984
0.78411,-0.26644,-0.25367,0.29269
0.073376,0.10587,0.032225,-0.68413
-0.3766,0.035879,-0.041766,0.56786
0.052138,-0.13678,0.22264,-0.13581
0.055174,-0.48879,0.024637,-0.17595
0.12632,0.14188,0.50179,-0.4743
-0.35137,0.1871,-0.089138,-0.02275
-0.12852,-0.14683,0.25081,-0.095117
0.35309,0.043303,-0.26608,-0.46264
-0.10454,0.0051058,0.083277,-0.67811
-0.26518,-0.187,0.16641,-0.3399
-0.0072654,0.25583,0.10138,-0.26583
0.17013,-0.27288,-0.60105,-0.2459
0.12307,-0.3722,-0.13147,0.1927
0.060065,-0.13087,-0.52211,-0.35503
-0.15494,-0.16214,0.26112,-0.22728
0.082174,-0.48262,0.051105,0.48065
-0.0471,0.0086031,0.59642,0.20386
0.019673,-0.019012,-0.32508,0.1101
-0.06332,-0.097033,-0.67699,-0.043387
0.38103,-0.23066,-0.30285,-0.19311
0.25769,-0.38254,-0.039088,-0.49684
0.10413,0.089847,-0.15941,0.35505
-0.018321,-0.12043,0.11464,0.30342
0.28278,-0.84718,-0.55532,-0.26158
0.053059,-0.014172,0.097821,-0.30598
-0.13117,0.1368,-0.15888,-0.22996
0.0098727,-0.19533,0.027737,0.38806
-0.00096216,-0.11969,0.075183,-0.40884
0.07654,-0.23079,0.29342,-0.54498
-0.37428,0.33701,-0.096546,0.38999
-0.14397,-0.44628,0.013871,0.15446
0.59889,-0.41437,-0.30664,-0.036988
-0.10299,-0.27055,0.40683,-0.58475
-0.15189,0.052271,0.27337,-0.36199
-0.17157,0.31222,-0.21685,0.11743
0.13088,-0.024974,0.17399,0.063657
0.2267,-0.11912,0.1086,0.35266
0.10066,-0.01195,-0.028471,0.47263
0.035812,-0.27602,0.23294,-0.13147
0.04104,0.18685,0.20841,0.031239
0.20892,0.015618,0.25446,0.1643
0.033051,0.062223,-0.27527,0.21961
0.46216,-0.15457,-0.50144,0.18344
0.049297,-0.14948,0.069665,0.11734
0.13504,-0.4824,0.16451,-0.55977
-0.097186,0.25689,-0.085518,-0.0078316
-0.29474,-0.41145,-0.12481,-0.069281
0.31809,-0.11302,-0.35471,-0.16343
0.086444,-0.023763,-0.23441,-0.2698
-0.14604,0.35012,-0.024914,-0.080735
0.058279,-0.22337,-0.28542,-0.25151
-0.036364,-0.36707,-0.15176,-0.51756
0.27499,-0.15666,-0.23139,-0.37406
-0.20545,-0.20292,-0.10807,-0.042182
0.25797,-0.33927,0.25967,0.087306
0.34669,-0.67082,-0.13093,0.20195
-0.11228,-0.033778,-0.54267,0.12837
0.078049,0.097477,0.14399,-0.03197
-0.0012502,-0.083361,-0.13377,-0.051796
0.53516,-0.88334,-0.16149,-0.26154
-0.0779,-0.094544,-0.016137,-0.07525
0.47119,-0.016138,-0.24422,0.41055
-0.12373,-0.80756,0.084481,-0.22669
0.35114,-0.10854,0.3482,0.091151
0.47015,0.29218,0.8264,0.31479
-0.24281,-0.059442,0.2053,0.24063
0.073165,0.062612,-0.6904,0.73841
0.050969,-0.20002,-0.34285,0.065221
-0.081032,-0.36418,-0.12825,0.047154
0.39819,0.40247,-0.16968,0.58216
-0.22581,-0.016408,-0.061163,0.29406
-0.29771,0.25153,-0.39075,0.79324
